Fuel Type Code,Station Name,City,State,ZIP,Groups With Access Code,EV Level1 EVSE Num,EV Level2 EVSE Num,EV DC Fast Count,,,,
ELEC,City of Lacey - City Hall Parking,Lacey,WA,98503,Public,,4,,,,,
ELEC,Avista Corp,Spokane,WA,99252,Public,1,2,,,,City,Count of State
ELEC,Steam Plant Grill,Spokane,WA,99201,Public,,1,,,,Aberdeen,1
ELEC,BELLEVUE BELLEVUE CH 1,Bellevue,WA,98004,Public,,2,,,,Airway Heights,1
ELEC,The Evergreen State College,Olympia,WA,98505,Public,2,2,,,,Anacortes,5
ELEC,Washington Department of Labor & Industries - Department of Health - Department of Transportation,Tumwater,WA,98501,Public - Call ahead,,6,,,,Arlington,7
ELEC,KING COUNTY DOT ISSAQUAH P&R 2,Issaquah,WA,98027,Public,,2,,,,Ashford,2
ELEC,UWB CASCADIA CC NORTH DUAL 1,Bothell,WA,98011,Public,,2,,,,Auburn,14
ELEC,CITY OF REDMOND CITY HALL DUAL,Redmond,WA,98052,Public,,2,,,,Bainbridge Island,5
ELEC,CITY OF REDMOND MOC #1 PUBLIC,Redmond,WA,98052,Public,,2,,,,Belfair,1
ELEC,WILLOWS LODGE WILLOWS #2,Woodinville,WA,98072,Public,,2,,,,Bellevue,142
ELEC,Bellingham Nissan,Bellingham,WA,98229,Public - Call ahead,,2,1,,,Bellingham,24
ELEC,Advantage Nissan,Bremerton,WA,98312,Public - Call ahead,,1,,,,Benton City,1
ELEC,Burien Nissan,Burien,WA,98148,Public - Call ahead,,2,1,,,Blaine,4
ELEC,Campbell-Nelson Nissan,Edmonds,WA,98026,Public - Call ahead,,2,,,,Bothell,17
ELEC,Campbell Nissan - Everett,Everett,WA,98204,Public - Call ahead,,2,,,,Bremerton,9
ELEC,Olympia Nissan,Olympia,WA,98502,Public - Call ahead,,1,,,,Bridgeport,1
ELEC,Bill Robertson Nissan,Pasco,WA,99301,Public - Call ahead,,1,,,,Burien,12
ELEC,Dan Wilder Nissan,Port Angeles,WA,98362,Public - Call ahead,,2,1,,,Burlington,4
ELEC,Puyallup Nissan,Puyallup,WA,98371,Public - Call ahead,,1,1,,,Camano,1
ELEC,Younker Nissan,Renton,WA,98058,Public,,1,1,,,Camas,1
ELEC,Wendle Nissan,Spokane,WA,99218,Public - Call ahead,,1,,,,Carson,1
ELEC,Dave Smith Nissan - Spokane,Spokane Valley,WA,99212,Public - Call ahead,,2,1,,,Castle Rock,1
ELEC,Tacoma Nissan,Tacoma,WA,98409,Public - Call ahead,,1,,,,Cathlamet,2
ELEC,Alan Webb Nissan,Vancouver,WA,98662,Public - Call ahead,,1,,,,Centralia,2
ELEC,O'Brien Nissan,Walla Walla,WA,99362,Public - Call ahead,,1,,,,Chehalis,1
ELEC,KEY CENTER KEY CENTER 6,Bellevue,WA,98004,Public,,2,,,,Chelan,4
ELEC,KRC SKYLINE SKYLINE #1,Bellevue,WA,98004,Public,,2,,,,Clarkston,1
ELEC,Snohomish County - Campus Garage,Everett,WA,98201,Public,,8,,,,Cle Elum,4
ELEC,Caplan's Rainbow Parking,Seattle,WA,98104,Public,,2,,,,College Place,1
ELEC,CITY OF SEATAC CITY HALL 1,SeaTac,WA,98188,Public,,2,,,,Colville,2
ELEC,TPU TPU HQ #6,Tacoma,WA,98409,Public,,2,,,,Concrete,1
ELEC,City of Tacoma - Park Plaza North,Tacoma,WA,98402,Public,,4,,,,Connell,1
ELEC,BELLEVUE SBCC #2,Bellevue,WA,98006,Public,,2,,,,Copalis Crossing,1
ELEC,EASTGATE OFFICE EASTGATE DUAL 1,Bellevue,WA,98007,Public,,2,,,,Cougar,1
ELEC,KIRKLAND CITY HALL 1,Kirkland,WA,98033,Public,,2,,,,Coulee City,1
ELEC,KIRKLAND LIBRARY SOUTH 1,Kirkland,WA,98033,Public,,2,,,,Covington,2
ELEC,SAMMAMISH GARAGE 1,Sammamish,WA,98075,Public,,2,,,,Custer,1
ELEC,IBEW LOCAL 46 IBEW LOCAL 46 1,Kent,WA,98032,Public,,2,,,,Davenport,1
ELEC,VALLEY MED CTR MAIN LOT #5,Renton,WA,98055,Public,,2,,,,Dayton,2
ELEC,VALLEY MED CTR N GARAGE #1,Renton,WA,98055,Public,,2,,,,Deer Park,1
ELEC,City of Renton - City Hall,Renton,WA,98057,Public,,2,,,,Des Moines,4
ELEC,PW PARKING A ST GARAGE 01,Tacoma,WA,98402,Public,,2,,,,DuPont,3
ELEC,PW PARKING GLASS MUSEUM 01,Tacoma,WA,98402,Public,,2,,,,East Wenatchee,2
ELEC,Pierce County - Annex Lot,Tacoma,WA,98409,Public,,1,,,,Eastsound,2
ELEC,Pierce County - City Building,Tacoma,WA,98402,Public,,1,,,,Edmonds,14
ELEC,City of Seattle - Central Library,Seattle,WA,98104,Public,,3,,,,Ellensburg,4
ELEC,City of Seattle - Seattle Center,Seattle,WA,98109,Public - Credit card at all times,,9,,,,Entiat,1
ELEC,Valley Nissan,Yakima,WA,98901,Public - Call ahead,,1,,,,Ephrata,1
ELEC,Snohomish County - Evergreen Fairgrounds,Monroe,WA,98272,Public,,2,,,,Everett,21
ELEC,Snohomish County - Willis Tucker Community Park,Snohomish,WA,98296,Public,,3,,,,Everson,1
ELEC,OAK HARBOR OH DUAL #1,Oak Harbor,WA,98277,Public,,2,,,,Federal Way,8
ELEC,KING COUNTY DOT KSC STATION #1,Seattle,WA,98104,Public,,1,,,,Fife,4
ELEC,SKAGIT COUNTY ADMIN STATION 2,Mount Vernon,WA,98273,Public,,1,,,,Forks,4
ELEC,SWEDISH EDMONDS STATION 01,Edmonds,WA,98026,Public,,2,,,,Freeland,2
ELEC,MET PARK WEST MET PARK EAST 1,Seattle,WA,98101,Public,,2,,,,Friday Harbor,7
ELEC,MET PARK WEST MET PARK #1,Seattle,WA,98101,Public,,2,,,,Gig Harbor,8
ELEC,Nikola Broadband,Sequim,WA,98382,Public,,1,,,,Gold Bar,1
ELEC,Mazama Country Inn,Mazama,WA,98833,Public,,1,,,,Grayland,1
ELEC,Vancouver Ford,Vancouver,WA,98661,Public - Call ahead,,2,,,,Issaquah,27
ELEC,OLY CITY HALL OLY CITY HALL,Olympia,WA,98501,Public,,2,,,,Kelso,2
ELEC,VIA6 VIA6-SOUTH,Seattle,WA,98121,Public,,2,,,,Kenmore,2
ELEC,800 FIFTH AVE STATION 2,Seattle,WA,98104,Public,,2,,,,Kennewick,7
ELEC,Campbell's Lake Chelan Resort,Chelan,WA,98816,Public,,1,,,,Kent,14
ELEC,Pine Near RV Park,Winthrop,WA,98862,Public,,1,,,,Kingston,1
ELEC,Omak Inn,Omak,WA,98841,Public,,1,,,,Kirkland,31
ELEC,59er Diner,Leavenworth,WA,98826,Public,,1,,,,La Conner,1
ELEC,Pateros Lakeshore Inn,Pateros,WA,98846,Public,,1,,,,Lacey,13
ELEC,Birkenstock,Ridgefield,WA,98642,Public - Call ahead,,1,,,,Lake Stevens,1
ELEC,PARKMETRO1 PARK METRO #1,Bellevue,WA,98004,Public,,2,,,,Lakewood,9
ELEC,VALLEY MED CTR MAIN LOT #8,Renton,WA,98055,Public,,2,,,,Langley,3
ELEC,OLY CITY HALL L CREIGHTON JC,Olympia,WA,98501,Public,,2,,,,Leavenworth,11
ELEC,Haselwood Chevrolet Buick GMC,Bremerton,WA,98312,Public,,1,,,,Liberty Lake,6
ELEC,Lakeside 24 Hour Fuel,Cougar,WA,98616,Public,,1,,,,Long Beach,2
ELEC,1111 THIRD AVE SENECA GARAGE 1,Seattle,WA,98101,Public,,2,,,,Longview,2
ELEC,AWNISSAN QUICK CHARGER 1,Vancouver,WA,98662,Public,,,1,,,Lopez,2
ELEC,MI SCHOOLS BOYS&GIRLS CLUB,Mercer Island,WA,98040,Public,,2,,,,Lynnwood,25
ELEC,MI SCHOOLS ADMIN BUILDING,Mercer Island,WA,98040,Public,,2,,,,Manson,3
ELEC,SCH CHILDREN'S #2,Seattle,WA,98105,Public,,2,,,,Maple Valley,1
ELEC,Kitsap Transit WA Harborside Parking Garage,Bremerton,WA,98337,Public,,4,,,,Marysville,6
ELEC,BMW TRI-CITIES STATION 01,Richland,WA,99352,Public,,2,,,,Mazama,1
ELEC,Semiahmoo Resort,Blaine,WA,98230,Public,,1,,,,Mead,1
ELEC,Pybus Public Market,Wenatchee,WA,98801,Public,,1,,,,Medical Lake,1
ELEC,UDR ASHTON BELL #2,Bellevue,WA,98004,Public,,2,,,,Mercer Island,16
ELEC,Best Western Plus - Heritage Inn,Bellingham,WA,98226,Public,,1,,,,Moclips,2
ELEC,UDR TEN20 #1,Bellevue,WA,98004,Public,,2,,,,Monroe,3
ELEC,AMLI SLU AMLI SLU #1,Seattle,WA,98109,Public,,2,,,,Moses Lake,5
ELEC,City of Chelan,Chelan,WA,98816,Public,,2,,,,Mossyrock,1
ELEC,LCC LCC H&S #1,Longview,WA,98632,Public,,2,,,,Mount Vernon,7
ELEC,UWMC UWMC #1,Bellevue,WA,98004,Public,,2,,,,Mountlake Terrace,1
ELEC,MI SCHOOLS MERCER HIGH #1,Mercer Island,WA,98040,Public,,2,,,,Mt Vernon,1
ELEC,REO FAST CHARGER,Seattle,WA,98122,Public,,,1,,,Mt. Vernon,3
ELEC,UWMC 4245 UWMC 4245 #1,Seattle,WA,98105,Public,,2,,,,Mukilteo,3
ELEC,UWMC 4225 UWMC 4225 #1,Seattle,WA,98105,Public,,2,,,,Neah Bay,2
ELEC,Esplanade Street Parking,Port Angeles,WA,98362,Public,1,1,,,,Newcastle,1
ELEC,Town Nissan,East Wenatchee,WA,98802,Public - Call ahead,,1,1,,,Newport,1
ELEC,MAIN HOSPITAL SILVER PARKING,Kirkland,WA,98034,Public,,2,,,,North Bend,3
ELEC,MAIN HOSPITAL DEYOUNG1,Kirkland,WA,98034,Public,,2,,,,Oak Harbor,3
ELEC,MAIN HOSPITAL BLUE PARKING,Kirkland,WA,98034,Public,,2,,,,Ocean Shores,2
ELEC,Leskovar Mitsubishi,Kennewick,WA,99336,Public - Call ahead,,2,,,,Olga,1
ELEC,BMW SEATTLE BMW SALES,Seattle,WA,98134,Public,,2,,,,Olympia,31
ELEC,HARBOUR POINT HBP STATION A,Mukilteo,WA,98275,Public,,2,,,,Omak,1
ELEC,Mellisoni Vineyard,Chelan,WA,98816,Public,,1,,,,Orcas,1
ELEC,Sound Ford,Renton,WA,98057,Public - Call ahead,,1,,,,Oroville,2
ELEC,1551 EASTLAKE A ARE 1551 #1,Seattle,WA,98102,Public,,2,,,,Pasco,3
ELEC,901 FIFTH F LEVEL,Seattle,WA,98164,Public,,2,,,,Pateros,1
ELEC,1616 EASTLAKE ARE 1616 #1,Seattle,WA,98102,Public,,2,,,,Port Angeles,11
ELEC,Snoqualmie Casino,Issaquah,WA,98065,Public,,12,,,,Port Orchard,3
ELEC,EDMONDSNISSAN #1 (SOUTH),Edmonds,WA,98020,Public,,,1,,,Port Townsend,6
ELEC,Wenatchee - Wenatchee Convention Center,Wenatchee,WA,98801,Public,,1,1,,,Poulsbo,6
ELEC,I-5 Gee Creek NB Rest Area,Ridgefield,WA,98642,Public,,1,,,,Prosser,2
ELEC,Centralia - Wendy's,Centralia,WA,98531,Public,,1,1,,,Pullman,7
ELEC,Bellingham - Sehome Village,Bellingham,WA,98325,Public,,1,1,,,Puyallup,13
ELEC,Castle Rock - Cascade Select Market,Castle Rock,WA,98611,Public,,1,1,,,Quinault,1
ELEC,Burlington - The Outlet Shoppes,Burlington,WA,98233,Public,,1,1,,,Quincy,2
ELEC,Ridgefield - Country Café,Ridgefield,WA,98642,Public,,1,1,,,Redmond,28
ELEC,I-5 Custer SB Rest Area,Custer,WA,98240,Public,,2,,,,Renton,39
ELEC,Skykomish - Sky Deli,Skykomish,WA,98288,Public,,1,1,,,Republic,1
ELEC,I-5 Gee Creek NB Rest Area,Ridgefield,WA,98642,Public,,1,,,,Richland,6
ELEC,525 NORTHGATE RETAIL #1,Seattle,WA,98125,Public,,2,,,,Ridgefield,17
ELEC,Power Trip Energy Corp,Port Townsend,WA,98368,Public,,2,,,,Ritzville,3
ELEC,John L Scott Real Estate,Port Townsend,WA,98368,Public - Call ahead,,1,,,,Roche Harbor,1
ELEC,GreenPod Development,Port Townsend,WA,98368,Public,,2,,,,Rochester,1
ELEC,Windermere Real Estate,Port Townsend,WA,98368,Public - Call ahead,,1,,,,Rockport,1
ELEC,HAMPTON INN WEST BACK,Bellevue,WA,98004,Public,,2,,,,Rosalia,1
ELEC,SIA GARAGE F1,Spokane,WA,99224,Public,,2,,,,Sammamish,8
ELEC,MAIN HOSPITAL SILVER #2,Kirkland,WA,98034,Public,,2,,,,Sea Tac,1
ELEC,WINSLOW WAY WINSLOW #1,Bainbridge Island,WA,98110,Public,,2,,,,SeaTac,11
ELEC,The Co-Op Farm and Garden,Sequim,WA,98382,Public,,1,,,,Seattle,330
ELEC,VISITOR GARAGE PEDESTAL UNIT,Tacoma,WA,98402,Public,,1,,,,Seaview,1
ELEC,HOMEWOOD SUITES HOMEWOOD #1,Issaquah,WA,98027,Public,,2,,,,Sequim,6
ELEC,Banks Lake Brew and Bistro,Coulee City,WA,99115,Public,,1,,,,Shelton,2
ELEC,VM CHARGERS VIRGINIA MASON2,Seattle,WA,98101,Public,,1,,,,Shoreline,6
ELEC,CHARGEPOINT T&C BAINBRIDGE,Bainbridge Island,WA,98110,Public,,2,,,,Silverdale,4
ELEC,INSIGNIA 953 EV216,Seattle,WA,98121,Public,,1,,,,Skykomish,3
ELEC,THE CENTURY CENTURY #4,Seattle,WA,98109,Public,,2,,,,Snohomish,4
ELEC,UWB CASCADIA CC TRULY HOUSE #1,Bothell,WA,98011,Public,,2,,,,Snoqualmie,1
ELEC,UWB CASCADIA CC SOUTH DUAL #2,Bothell,WA,98011,Public,,2,,,,Snoqualmie Pass,1
ELEC,COLLEGE HALL CROSBY HOUSE,Spokane,WA,99202,Public,,2,,,,Soap Lake,1
ELEC,Best Western Plus - Evergreen Inn and Suites,Federal Way,WA,98003,Public,,1,,,,Spanaway,2
ELEC,Best Western Plus - Tacoma Dome Hotel,Tacoma,WA,98421,Public,,1,,,,Spokane,51
ELEC,ESSEX SAMMAMISH VIEW,Bellevue,WA,98008,Public,,2,,,,Spokane Valley,7
ELEC,MADISON GARAGE MADISON GARAGE2,Seattle,WA,98104,Public,,2,,,,Steilacoom,1
ELEC,Expo Apartments,Seattle,WA,98109,Public,,1,,,,Stevenson,1
ELEC,Terex Aerial Work Platforms,Redmond,WA,98052,Public,,2,,,,Sultan,1
ELEC,GARAGE MEYDEN #167,Bellevue,WA,98004,Public,,2,,,,Sumner,1
ELEC,KING COUNTY DOT BURIEN P&R #5,Burien,WA,98166,Public,,1,,,,Sunnyside,1
ELEC,SIA CELL LOT,Spokane,WA,99224,Public,,2,,,,Suquamish,2
ELEC,Tumwater - Shell Station & Deli Mart,Tumwater,WA,98501,Public,,1,1,,,Tacoma,57
ELEC,Leavenworth - City Hall,Leavenworth,WA,98826,Public,,1,1,,,Tonasket,1
ELEC,Sultan - Sultan Visitor Information Center,Sultan,WA,98294,Public,,1,1,,,Tukwila,13
ELEC,Cle Elum,Cle Elum,WA,98922,Public,,1,1,,,Tulalip,1
ELEC,Snoqualmie - Snoqualmie Pass Chevron,Snoqualmie Pass,WA,98068,Public,,1,1,,,Tumwater,5
ELEC,Performance Kia,Everett,WA,98204,Public - Call ahead,,,1,,,Twisp,1
ELEC,Bedrooms & More,Seattle,WA,98105,Public,,1,,,,Union,1
ELEC,UWB CASCADIA CC BEARDSLEE #1,Bothell,WA,98011,Public,,2,,,,University Place,4
ELEC,NISSAN-EVERETT DC STATION 1,Everett,WA,98204,Public,,,1,,,Vancouver,40
ELEC,SAFECO PLAZA SAFECO PLAZA #1,Seattle,WA,98154,Public,,2,,,,Vashon,1
ELEC,Nissan of Kirkland,Kirkland,WA,98034,Public,,1,3,,,Vista Dr,1
ELEC,Lee Johnson Kia,Kirkland,WA,98033,Public,,,1,,,Waitsburg,1
ELEC,MI SCHOOLS NORTHWOOD #1,Mercer Island,WA,98040,Public,,2,,,,Walla Walla,15
ELEC,TRANS SERVICES TERRELL,Pullman,WA,99163,Public,,2,,,,Wapato,1
ELEC,TRANS SERVICES SCUE,Pullman,WA,99163,Public,,2,,,,Waterville,1
ELEC,BMW NORTHWEST STATION 01,Fife,WA,98424,Public,,2,,,,Wenatchee,14
ELEC,WASHINGTON ST LACONNER #1,La Conner,WA,98257,Public,,2,,,,Westport,1
ELEC,THE REGENT STATION 1,Bellevue,WA,98004,Public,,2,,,,Winthrop,3
ELEC,THE SHOPS SHOPSONCENTRAL,Quincy,WA,98848,Public,,2,,,,Woodinville,10
ELEC,LONGACRES LONGACRES A #1,Renton,WA,98057,Public,,2,,,,Woodland,1
ELEC,LONGACRES LONGACRES B #1,Renton,WA,98057,Public,,2,,,,Yakima,10
ELEC,LONGACRES LONGACRES A #2,Renton,WA,98057,Public,,2,,,,Zillah,2
ELEC,LONGACRES LONGACRES B #2,Renton,WA,98057,Public,,2,,,,Grand Total,1416
ELEC,TwispWorks,Twisp,WA,98856,Public,,1,,,,,
ELEC,PSS CHARGEPOINT PSS #2 NORTH,Seattle,WA,98144,Public,,2,,,,,
ELEC,PSS CHARGEPOINT PSS #1,Seattle,WA,98144,Public,,2,,,,,
ELEC,SOUND TRANSIT ANGLE LAKE #2,SeaTac,WA,98188,Public,,1,,,,,
ELEC,SOUND TRANSIT ANGLE LAKE #4,SeaTac,WA,98198,Public,,1,,,,,
ELEC,Town of Concrete - Park and Ride,Concrete,WA,98237,Public,,2,,,,,
ELEC,BMW SEATTLE DC FAST 02,Seattle,WA,98134,Public,,,1,,,,
ELEC,KENT STATION KENT STATION #2,Kent,WA,98032,Public,,1,,,,,
ELEC,Ferry County Public Utility District,Republic,WA,99166,Public,,1,,,,,
ELEC,Chelan County Public Utility District,Wenatchee,WA,98801,Public,,2,,,,,
ELEC,BASTYR UNIV BASTYR DUAL #1,Kenmore,WA,98028,Public,,2,,,,,
ELEC,Walla Walla Park,Wenatchee,WA,98801,Public,,1,,,,,
ELEC,DUAL EV SOUTH 1,Seattle,WA,98105,Public,,2,,,,,
ELEC,KING COUNTY DOT KSC STATION #5,Seattle,WA,98104,Public,,1,,,,,
ELEC,KING COUNTY DOT BURIEN P&R #8,Burien,WA,98166,Public,,1,,,,,
ELEC,RSS-1 RSS #1,Issaquah,WA,98027,Public,,2,,,,,
ELEC,RPNW PSP-COBB #2,Seattle,WA,98101,Public,,2,,,,,
ELEC,GARAGE COMMERCIAL ST 2,Bellingham,WA,98225,Public,,2,,,,,
ELEC,TRANS SERVICES PACCAR,Pullman,WA,99164,Public,,2,,,,,
ELEC,LINC SQUARE EXP LSE P2 #2,Bellevue,WA,98004,Public,,2,,,,,
ELEC,LINC SQUARE EXP P5 1,Bellevue,WA,98004,Public,,2,,,,,
ELEC,Skagit General Store,Rockport,WA,98283,Public,,1,,,,,
ELEC,Leavenworth Fish Hatchery,Leavenworth,WA,98826,Public,,1,,,,,
ELEC,Lincoln County Museum,Davenport,WA,99122,Public,,1,,,,,
ELEC,Softechnologies,Spokane,WA,99205,Public,,1,,,,,
ELEC,MERCER ISLAND CITY HALL #1,Mercer Island,WA,98040,Public,,2,,,,,
ELEC,UW TACOMA 6215 UW TAC LIB 1,Tacoma,WA,98402,Public,,2,,,,,
ELEC,Kitsap Transit-George’s Corner Park & Ride,Kingston,WA,98346,Public,,4,,,,,
ELEC,Kitsap Transit - Harper Church,Port Orchard,WA,98366,Public,2,2,,,,,
ELEC,EDMONDSNISSAN CHARGEPOINT MID,Edmonds,WA,98026,Public,,,1,,,,
ELEC,LONG BEACH STATION 1,Long Beach,WA,98631,Public,,2,,,,,
ELEC,SAMMAMISH SAMM VILLAGE #1,Sammamish,WA,98074,Public,,2,,,,,
ELEC,THE SUMMIT THE SUMMIT - P2,Bellevue,WA,98004,Public,,2,,,,,
ELEC,City of Bridgeport - City Hall,Bridgeport,WA,98813,Public,,1,,,,,
ELEC,City of Tonasket - City Hall,Tonasket,WA,98855,Public,,1,,,,,
ELEC,Y.V.M.H. SOUTH PARKING-2,Yakima,WA,98902,Public,,2,,,,,
ELEC,ESSEX BELLCENTERE 01,Bellevue,WA,98004,Public,,2,,,,,
ELEC,SAMMAMISH SAM VILLAGE #2,Sammamish,WA,98074,Public,,2,,,,,
ELEC,Confluence Technology Center,Wenatchee,WA,98801,Public,,1,,,,,
ELEC,Rocky Reach Dam Visitor Center,Wenatchee,WA,98801,Public,,1,,,,,
ELEC,LONGACRES GH BLDG D2,Renton,WA,98057,Public,,2,,,,,
ELEC,LONGACRES CH BLDG C 2,Renton,WA,98057,Public,,2,,,,,
ELEC,MI SCHOOLS ISLANDER #1,Mercer Island,WA,98040,Public,,2,,,,,
ELEC,Kitsap Transit Charleston Blvd,Bremerton,WA,98312,Public,,2,,,,,
ELEC,BELLEVUE DOWNTOWN PARK 2,Bellevue,WA,98004,Public,,2,,,,,
ELEC,SKAGIT STATION SS1,Mount Vernon,WA,98273,Public,,2,,,,,
ELEC,GCU STATION 1,spokane,WA,99201,Public,,1,,,,,
ELEC,400 DEXTER AVE 400 DEXTER 1,Seattle,WA,98109,Public,,2,,,,,
ELEC,Bellevue Nissan,Bellevue,WA,98007,Public - Call ahead,,1,,,,,
ELEC,ALOFT ALOFT ELEMENT 2,Redmond,WA,98052,Public,,2,,,,,
ELEC,UWB CASCADIA CC SOUTH DUAL 3,Bothell,WA,98011,Public,,2,,,,,
ELEC,RPNW IBM #1,Seattle,WA,98101,Public,,2,,,,,
ELEC,DEPT OF ECOLOGY HQ 1,Lacey,WA,98516,Public,,2,,,,,
ELEC,E_SOFI SOFI #1,Bellevue,WA,98006,Public,,2,,,,,
ELEC,BELLEVUE SQUARE BELL SQ NORTH 1,Bellevue,WA,98004,Public,,2,,,,,
ELEC,MERCER ISLAND MI COMMUN CTR,Mercer Island,WA,98040,Public,,2,,,,,
ELEC,DC CORRIDOR WALLYPARKDC1,SeaTac,WA,98188,Public,,,1,,,,
ELEC,COLLEGE HALL PARKING GARAGE,Spokane,WA,99202,Public,,2,,,,,
ELEC,CAR CHARGER #1 SOMA DUAL 1,Bellevue,WA,98004,Public,,2,,,,,
ELEC,PUBLIC WORKS 1 MARITIME PIER,Gig Harbor,WA,98335,Public,,2,,,,,
ELEC,DUAL EV SOUTH 2,Seattle,WA,98105,Public,,2,,,,,
ELEC,PARK77 PARK77 C,Arlington,WA,98223,Public,,2,,,,,
ELEC,PUBLIC WORKS 1 GH FINHOLM 1,Gig Harbor,WA,98332,Public,,2,,,,,
ELEC,KIRKLAND MARINA PARK 1,Kirkland,WA,98033,Public,,2,,,,,
ELEC,Jefferson Transit Authority Four Corners Park N Ride,Port Townsend,WA,98368,Public,,4,,,,,
ELEC,"Kitsap Transit - North Viking Poulsbo Park N Ride, WA",Poulsbo,WA,98370,Public,4,4,,,,,
ELEC,FACTORIA EV KAMBER ROAD,Bellevue,WA,98005,Public,,2,,,,,
ELEC,SECURITIES BLDG STATION 1,Seattle,WA,98101,Public,,2,,,,,
ELEC,DC CORRIDOR CENTRAL SEA COL,Seattle,WA,98122,Public,,,1,,,,
ELEC,EDMONDSNISSAN COMMERCIAL 2,Edmonds,WA,98026,Public,,,1,,,,
ELEC,Bellevue Nissan,Bellevue,WA,98007,Public - Card key at all times,,,5,,,,
ELEC,Bellevue Nissan,Bellevue,WA,98007,Public - Card key at all times,,,3,,,,
ELEC,Redmond Town Center,Redmond,WA,98052,Public - Card key at all times,,1,2,,,,
ELEC,REI,Seattle,WA,98109,Public - Card key at all times,,1,2,,,,
ELEC,Conoco,Ritzville,WA,99169,Public - Card key at all times,,,1,,,,
ELEC,Tacoma Mall,Tacoma,WA,98409,Public - Card key at all times,,2,3,,,,
ELEC,Seattle Premium Outlets,Marysville,WA,98271,Public - Card key at all times,,3,1,,,,
ELEC,North Bend Premium Outlets,North Bend,WA,98045,Public - Card key at all times,,2,2,,,,
ELEC,Northgate Mall,Seattle,WA,98125,Public - Card key at all times,,3,1,,,,
ELEC,Harvard Market,Seattle,WA,98122,Public - Card key at all times,,,1,,,,
ELEC,The Landing,Renton,WA,98057,Public - Card key at all times,,,2,,,,
ELEC,Walmart,Woodland,WA,98674,Public - Card key at all times,,,1,,,,
ELEC,New Seasons,Mercer Island,WA,98040,Public - Card key at all times,,,2,,,,
ELEC,AAA,Lynnwood,WA,98036,Public - Card key at all times,,,1,,,,
ELEC,San Juan Islands Conservation District,Friday Harbor,WA,98250,Public,,1,,,,,
ELEC,Avalon Business Park,Friday Harbor,WA,98250,Public,,1,,,,,
ELEC,Earthbox Inn and Spa,Friday Harbor,WA,98250,Public - Call ahead,,2,,,,,
ELEC,Friday Harbor Grand Bed and Breakfast,Friday Harbor,WA,98250,Public - Call ahead,,1,,,,,
ELEC,Sweet Earth Farm,Friday Harbor,WA,98250,Public - Call ahead,,1,,,,,
ELEC,Odd Fellows Hall,Eastsound,WA,98245,Public,,1,,,,,
ELEC,Rosario Resort,Eastsound,WA,98245,Public - Call ahead,,2,,,,,
ELEC,Doe Bay Resort,Olga,WA,98279,Public,,1,,,,,
ELEC,Lopez Island Library,Lopez,WA,98261,Public - Call ahead,,1,,,,,
ELEC,Lopez Community Land Trust,Lopez,WA,98261,Public,,1,,,,,
ELEC,CENTRAL PIERCE CPFR 60 1,Spanaway,WA,98445,Public,,2,,,,,
ELEC,CENTRAL PIERCE CPFR 60 2,Spanaway,WA,98387,Public,,2,,,,,
ELEC,RPNW FC #1,Seattle,WA,98101,Public,,2,,,,,
ELEC,Costco,Issaquah,WA,98027,Public,,2,,,,,
ELEC,Hampton Inn,Redmond,WA,98053,Public - Call ahead,,4,,,,,
ELEC,Hampton Inn,Woodinville,WA,98072,Public - Call ahead,,2,,,,,
ELEC,FRED MEYER - #095 Everett,Everett,WA,98204,Public,,2,,,,,
ELEC,Clark Public Utilities - Administration Building,Vancouver,WA,98663,Public,,,2,,,,
ELEC,MasterPark Valet Garage,SeaTac,WA,98188,Public,,4,,,,,
ELEC,Thurston County Juvenile Court,Tumwater,WA,98512,Public,,2,,,,,
ELEC,FRED MEYER - #688 Alderwood,Lynnwood,WA,98037,Public,,2,,,,,
ELEC,305 2nd Street Location,Langley,WA,98260,Public,,2,,,,,
ELEC,Port of Poulsbo,Poulsbo,WA,98370,Public,,4,,,,,
ELEC,FRED MEYER - #608 Ballard,Seattle,WA,98107,Public,,2,,,,,
ELEC,The Landmark Business Office,Renton,WA,98057,Public,,4,,,,,
ELEC,Everett Community College,Everett,WA,98201,Public,,6,,,,,
ELEC,Haselwood Family YMCA Silverdale,Silverdale,WA,98383,Public,,2,2,,,,
ELEC,PSEJATC,Renton,WA,98057,Public,,3,,,,,
ELEC,Skagit Valley College,Mt. Vernon,WA,98273,Public,,2,,,,,
ELEC,Bellevue College - Garage,Bellevue,WA,98007,Public,,2,,,,,
ELEC,FRED MEYER - #023 Bellevue,Bellevue,WA,98007,Public,,2,,,,,
ELEC,Legacy Salmon Creek Hospital,Vancouver,WA,98686,Public,,2,,,,,
ELEC,Cowlitz County - Public Utility District,Longview,WA,98632,Public,,2,,,,,
ELEC,Walgreens Store #7480,Auburn,WA,98002,Public,,2,2,,,,
ELEC,McLendon Hardware Tacoma,Tacoma,WA,98406,Public,,2,,,,,
ELEC,King County Housing Authority - Section 8 Office,Tukwila,WA,98188,Public,,1,,,,,
ELEC,First Hill Medical Building,Seattle,WA,98104,Public,,1,,,,,
ELEC,McLendon Hardware,Renton,WA,98057,Public,,1,,,,,
ELEC,Sumner School District - Parking Lot,Sumner,WA,98390,Public,,3,,,,,
ELEC,Olympic Medical Center,Port Angeles,WA,98362,Public,,2,,,,,
ELEC,South Lake Union Discovery Center,Seattle,WA,98109,Public,,1,,,,,
ELEC,Meadowbrook Apartments,Shoreline,WA,98177,Public,,1,,,,,
ELEC,4th & Madison,Seattle,WA,98104,Public,,4,,,,,
ELEC,The Bravern,Bellevue,WA,98004,Public,,3,,,,,
ELEC,Lake Washington Institute of Technology,Kirkland,WA,98034,Public,,2,,,,,
ELEC,Seola Gardens,Seattle,WA,98146,Public,,1,,,,,
ELEC,112th & 12th,Bellevue,WA,98004,Public,,3,,,,,
ELEC,Harborview Medical Center,Seattle,WA,98104,Public,,6,,,,,
ELEC,Harvard Market,Seattle,WA,98122,Public,,2,,,,,
ELEC,Seattle Cancer Care Alliance,Seattle,WA,98109,Public,,1,,,,,
ELEC,George F. Russell Jr. Hall,Seattle,WA,98105,Public,,3,,,,,
ELEC,Walgreens Store #12168,Bremerton,WA,98312,Public,,2,2,,,,
ELEC,SEARS - Store #1059 (Shoreline Store),Shoreline,WA,98133,Public,,3,,,,,
ELEC,Plymouth Congregational Church,Seattle,WA,98101,Public,,2,,,,,
ELEC,520 Pike Tower,Seattle,WA,98101,Public,,3,,,,,
ELEC,Bellevue College - Lot C7 Snoqualmie River Road,Bellevue,WA,98005,Public,,2,2,,,,
ELEC,Washington State Parks and Recreation Commission,Tumwater,WA,98512,Public,,2,,,,,
ELEC,FRED MEYER - #460 Salmon Creek,Vancouver,WA,98685,Public,,1,2,,,,
ELEC,FRED MEYER - #391 Totem Lake,Kirkland,WA,98034,Public,,2,2,,,,
ELEC,Belfair Log Plaza,Belfair,WA,98528,Public,,2,,,,,
ELEC,FRED MEYER - #179 Lake City Way,Seattle,WA,98125,Public,,1,2,,,,
ELEC,FRED MEYER - #664 Redmond,REDMOND,WA,98052,Public,,2,,,,,
ELEC,FRED MEYER - #682 Maple Valley,Maple Valley,WA,98038,Public,,4,,,,,
ELEC,FRED MEYER - #172 Kent,Kent,WA,98030,Public,,2,,,,,
ELEC,Lake Union Building,Seattle,WA,98109,Public,,2,,,,,
ELEC,Evergreen State College - Parking Lot C,Olympia,WA,98505,Public,,1,,,,,
ELEC,Walgreens Store #7677,Auburn,WA,98092,Public,,2,2,,,,
ELEC,Clark County - Public Service Center (1st Floor),Vancouver,WA,98660,Public,,4,,,,,
ELEC,Tahoma Market (I-5 Exit 137),Fife,WA,98424,Public,,4,2,,,,
ELEC,DC CORRIDOR SO SEATTLE COL,Seattle,WA,98106,Public,,,1,,,,
ELEC,VM CHARGERS VM BAINBRIDGE 1,Bainbridge Island,WA,98110,Public,,2,,,,,
ELEC,King County Housing Authority,Shoreline,WA,98113,Public,,1,,,,,
ELEC,Highline Community College,Des Moines,WA,98198,Public,,2,,,,,
ELEC,BARKLEY VILLAGE REGAL CINEMA 2,Bellingham,WA,98226,Public,,2,,,,,
ELEC,Camaray Motel,Oroville,WA,98844,Public,,1,,,,,
ELEC,Smokiam Park,Soap Lake,WA,98851,Public,,1,,,,,
ELEC,Mountain View Lodge & Resort,Manson,WA,98831,Public,,1,,,,,
ELEC,SCAFCO Steel Stud Co,Spokane,WA,99202,Public,,2,,,,,
ELEC,STADIUMPLACE NEW STATION 7,Seattle,WA,98104,Public,,1,,,,,
ELEC,STADIUMPLACE NEW STATION 1,Seattle,WA,98134,Public,,1,,,,,
ELEC,BASKIN ROBBINS B-R #1,Olympia,WA,98502,Public,,2,,,,,
ELEC,DC CORRIDOR N SEA COLLEGE,Seattle,WA,98103,Public,,,1,,,,
ELEC,LHM HONDA STATION 01,Spokane,WA,99201,Public,,2,,,,,
ELEC,North Division Bicycle,Spokane,WA,99218,Public,,1,,,,,
ELEC,Sacred Heart Hospital,SPOKANE,WA,99204,Public,,3,,,,,
ELEC,Whitworth University,Spokane,WA,99251,Public,,8,,,,,
ELEC,Port of Clarkston,Clarkston,WA,99403,Public,,2,,,,,
ELEC,Rosalia - E 6th St,Rosalia,WA,99170,Public,,2,1,,,,
ELEC,Mountain Gear Inc,Spokane Valley,WA,99212,Public,,1,,,,,
ELEC,CITY OF LIBERTY LAKE,Liberty Lake,WA,99019,Public,,2,,,,,
ELEC,Frencken America Inc,Liberty Lake,WA,99019,Public,,2,,,,,
ELEC,Rock Pointe,Spokane,WA,99201,Public,,3,,,,,
ELEC,STCU Valley,Spokane,WA,99216,Public,,2,,,,,
ELEC,Kendall Yards,Spokane,WA,99201,Public,,2,1,,,,
ELEC,Deer Park Chevron,Deer Park,WA,99006,Public,,2,,,,,
ELEC,805 156th NE Bellevue WA,Bellevue,WA,98007,Public,,2,,,,,
ELEC,AGR Olympia,Olympia,WA,98501,Public,,2,,,,,
ELEC,Avista Pullman,Pullman,WA,99163,Public,,2,,,,,
ELEC,Liberty Lake Park and Ride L2,Liberty Lake,WA,99019,Public,,2,,,,,
ELEC,North Beacon Hill,Seattle,WA,98144,Public,,,2,,,,
ELEC,River Park Square,Spokane,WA,99201,Public,,4,,,,,
ELEC,Huckleberrys Natural Market,Spokane,WA,99204,Public,,2,,,,,
ELEC,WA State Dept of Licensing,Spokane,WA,99208,Public,,2,,,,,
ELEC,Meadowwood Technology Campus,Liberty Lake,WA,99019,Public,,2,,,,,
ELEC,LNI Bellevue 120th NE,Bellevue,WA,98005,Public,,2,,,,,
ELEC,Kennewick,Kennewick,WA,99337,Public,,1,1,,,,
ELEC,Ellensburg,Ellensburg,WA,98926,Public,,1,1,,,,
ELEC,Spokane Community College,Spokane,WA,99217,Public,,2,,,,,
ELEC,SFCC,Spokane,WA,99224,Public,,4,,,,,
ELEC,Steam Plant Square,Spokane,WA,99201,Public,,4,,,,,
ELEC,Benton Public Utility District - Southridge,Kennewick,WA,99336,Public,,1,1,,,,
ELEC,UWB CASCADIA CC SOUTH DUAL 5,Bothell,WA,98011,Public,,2,,,,,
ELEC,LINC SQUARE EXP LSS P2 106-107,Bellevue,WA,98004,Public,,2,,,,,
ELEC,LINC SQUARE EXP LSS P2 109-110,Bellevue,WA,98004,Public,,2,,,,,
ELEC,LINC SQUARE EXP LSS P2 100-101,Bellevue,WA,98004,Public,,2,,,,,
ELEC,LINC SQUARE EXP LSS P2 92-93,Bellevue,WA,98004,Public,,2,,,,,
ELEC,ELUMINOCITY ZOO OTTER DB57,Seattle,WA,98103,Public,,2,,,,,
ELEC,DC CORRIDOR SEAHAWK 12A,Seattle,WA,98134,Public,,,1,,,,
ELEC,PW PARKING PARK PLAZA 01,Tacoma,WA,98402,Public,,2,,,,,
ELEC,PW PARKING PKG-PAC PLAZA,Tacoma,WA,98402,Public,,2,,,,,
ELEC,QBRC QBRC 1,Ocean Shores,WA,98569,Public,,2,,,,,
ELEC,PORT VANCOUVER ADMIN,Vancouver,WA,98660,Public,,2,,,,,
ELEC,BLOCK C LOT 8 STARBUCKS WOODI,Woodinville,WA,98072,Public,,2,,,,,
ELEC,THE101 EV STATION 01,Kirkland,WA,98033,Public,,2,,,,,
ELEC,ESSEX HIGHLANDS,Issaquah,WA,98029,Public,,2,,,,,
ELEC,LeMay-America's Car Museum,Tacoma,WA,98421,Public - Card key at all times,,2,2,,,,
ELEC,KITSAP COUNTY KITSAP CRTHSE,Port Orchard,WA,98366,Public,,1,,,,,
ELEC,BLACKRIVER JSH DUAL #1,Renton,WA,98057,Public,,2,,,,,
ELEC,BLACKRIVER BLACKRIVER #3,Renton,WA,98057,Public,,1,,,,,
ELEC,CHARGEPOINT CENTRAL MARKET,Poulsbo,WA,98370,Public,,2,,,,,
ELEC,MTE EDMONDS SCHOOL,Mountlake Terrace,WA,98043,Public,,2,,,,,
ELEC,CCP PARK 1,Kent,WA,98042,Public,,2,,,,,
ELEC,Visitor Center - Tesla Supercharger,Aberdeen,WA,98520,Public,,,8,,,,
ELEC,Angel of the Winds Casino - Tesla Supercharger,Arlington,WA,98223,Public,,,16,,,,
ELEC,Fairfield Inn & Suites Burlington - Tesla Supercharger,Burlington,WA,98233,Public,,,8,,,,
ELEC,Centralia Outlets - Tesla Supercharger,Centralia,WA,98531,Public,,,20,,,,
ELEC,Holiday Inn Express Ellensburg - Tesla Supercharger,Ellensburg,WA,98926,Public,,,5,,,,
ELEC,Fred Meyer - Tesla Supercharger,Kennewick,WA,99336,Public,,,8,,,,
ELEC,Fred Meyer - Tesla Supercharger,Lynnwood,WA,98087,Public,,,10,,,,
ELEC,Best Western Plus Bronco Inn - Tesla Supercharger,Ritzville,WA,99169,Public,,,4,,,,
ELEC,Holiday Inn Express & Suites - Tesla Supercharger,Sequim,WA,98382,Public,,,8,,,,
ELEC,Fred Meyer Salmon Creek - Tesla Supercharger,Vancouver,WA,98685,Public,,,12,,,,
ELEC,Dan's Food Market - Tesla Supercharger,Leavenworth,WA,98826,Public,,,16,,,,
ELEC,Olympic National Park - Sol Duc Hot Springs Resort,Port Angeles,WA,98363,Public,,2,,,,,
ELEC,DC CORRIDOR NORTHGATE DC1,Seattle,WA,98115,Public,,,1,,,,
ELEC,Yakima,Yakima,WA,98901,Public,,1,1,,,,
ELEC,Pasco,pasco,WA,99301,Public,,1,1,,,,
ELEC,Wandermere,Spokane,WA,99218,Public,,2,1,,,,
ELEC,FACEBOOK SEA FACEBOOK SEA 6,Seattle,WA,98109,Public,,2,,,,,
ELEC,1101 WESTLAKE FB WESTLAKE 2,Seattle,WA,98109,Public,,2,,,,,
ELEC,TAO FAWU FARM STATION 1,Everson,WA,98247,Public,,1,,,,,
ELEC,STEVENS PASS SPMR DUAL #2,Skykomish,WA,98288,Public,,2,,,,,
ELEC,STEVENS PASS SPMR DUAL #1,Skykomish,WA,98288,Public,,2,,,,,
ELEC,Seabrook Street Parking,Copalis Crossing,WA,98356,Public,,1,,,,,
ELEC,Gull Wing Inn,Moclips,WA,98562,Public,,1,,,,,
ELEC,Washington State Department of Ecology - Public Parking Lot,Spokane,WA,99205,Public,,12,,,,,
ELEC,AMLI MARK 24 MARK 24 1,Seattle,WA,98107,Public,,2,,,,,
ELEC,KIRKLAND MARINA DUAL 2,Kirkland,WA,98033,Public,,2,,,,,
ELEC,Ilani Casino Resort,Ridgefield,WA,98642,Public,,5,,,,,
ELEC,DC CORRIDOR SEATTLE MINI,Seattle,WA,98125,Public,,,1,,,,
ELEC,DC CORRIDOR PAC SCI L2,Seattle,WA,98109,Public,,2,,,,,
ELEC,UWMC SURGERY STATION 2,Seattle,WA,98195,Public,,2,,,,,
ELEC,BMGF EV STATION 02,Seattle,WA,98109,Public,,2,,,,,
ELEC,Pacific Raceways,Kent,WA,98042,Public - Call ahead,,2,,,,,
ELEC,Fred Meyer - Tesla Supercharger,Issaquah,WA,98029,Public,,,8,,,,
ELEC,Bedrooms & More,Seattle,WA,98105,Public,,1,,,,,
ELEC,ISD411 ADMIN CENTER 1,Issaquah,WA,98029,Public,,2,,,,,
ELEC,Guy Waring Guest House,Winthrop,WA,98862,Public,,1,,,,,
ELEC,Grand Mound Liquor Store,Rochester,WA,98579,Public,,2,,,,,
ELEC,KING COUNTY DOT BELLEVUE #1,Bellevue,WA,98005,Public,,2,,,,,
ELEC,ALJOYA 1 EV CHARGER,Mercer Island,WA,98040,Public,,2,,,,,
ELEC,Colville City Hall,Colville,WA,99114,Public,,2,,,,,
ELEC,Somerset Gardens Apartments,Bellevue,WA,98007,Public,,1,,,,,
ELEC,INSIGNIA 953 215 216,Seattle,WA,98121,Public,,2,,,,,
ELEC,Harvest Chevrolet,Yakima,WA,98901,Public - Call ahead,,2,1,,,,
ELEC,Cascade Chevrolet,Wenatchee,WA,98801,Public - Call ahead,,1,1,,,,
ELEC,Angel of the Winds Casino - Tesla Destination,Arlington,WA,98223,Public,,3,,,,,
ELEC,Alexander's Lodge & Restaurant - Tesla Destination,Ashford,WA,98304,Public,,2,,,,,
ELEC,Courtyard by Marriott Seattle Bellevue/Downtown - Tesla Destination,Bellevue,WA,98004,Public - Call ahead,,2,,,,,
ELEC,Marriott Bellevue - Tesla Destination,Bellevue,WA,98004,Public,,3,,,,,
ELEC,Marriott AC Bellevue - Tesla Destination,Bellevue,WA,98004,Public,,4,,,,,
ELEC,Hilton Bellevue - Tesla Destination,Bellevue,WA,98004,Public,,3,,,,,
ELEC,Hotel Bellwether - Tesla Destination,Bellingham,WA,98225,Public,,3,,,,,
ELEC,Best Western Plus Heritage Inn - Tesla Destination,Bellingham,WA,98226,Public,,1,,,,,
ELEC,Oxford Suites Bellingham - Tesla Destination,Bellingham,WA,98226,Public,,2,,,,,
ELEC,Hamilton Cellars - Tesla Destination,Benton City,WA,99320,Public,,3,,,,,
ELEC,Semiahmoo Resort & Spa - Tesla Destination,Blaine,WA,98230,Public,,1,,,,,
ELEC,Carson Ridge Luxury Cabins - Tesla Destination,Carson,WA,98610,Public,,2,,,,,
ELEC,Hotel Cathlamet - Tesla Destination,Cathlamet,WA,98612,Public - Call ahead,,1,,,,,
ELEC,Fielding Hills Winery - Tesla Destination,Chelan,WA,98816,Public - Call ahead,,1,,,,,
ELEC,Suncadia Resort - Tesla Destination,Cle Elum,WA,98922,Public - Call ahead,,3,,,,,
ELEC,The Four Points by Sheraton Seattle Airport South - Tesla Destination,Des Moines,WA,98198,Public,,6,,,,,
ELEC,Best Western Plus Evergreen Inn & Suites - Tesla Destination,Federal Way,WA,98003,Public,,2,,,,,
ELEC,Quillayute River Resort - Tesla Destination,Forks,WA,98331,Public,,2,,,,,
ELEC,Island Athletic Club - Tesla Destination,Freeland,WA,98249,Public,,2,,,,,
ELEC,Ocean5 - Tesla Destination,Gig Harbor,WA,98335,Public,,3,,,,,
ELEC,Best Western Wesley Inn - Tesla Destination,Gig Harbor,WA,98335,Public,,1,,,,,
ELEC,Holiday Inn Seattle-Issaquah - Tesla Destination,Issaquah,WA,98027,Public,,3,,,,,
ELEC,Badger Mountain Vineyard & Powers Winery - Tesla Destination,Kennewick,WA,99338,Public - Call ahead,,3,,,,,
ELEC,Hampton Inn Kennewick at Southridge - Tesla Destination,Kennewick,WA,99338,Public,,3,,,,,
ELEC,Saratoga Inn - Tesla Destination,Langley,WA,98260,Public,,2,,,,,
ELEC,The Inn at Langley - Tesla Destination,Langley,WA,98260,Public,,2,,,,,
ELEC,Mountain Springs Lodge - Tesla Destination,Leavenworth,WA,98826,Public,,1,,,,,
ELEC,Sleeping Lady Mountain Resort - Tesla Destination,Leavenworth,WA,98826,Public - Call ahead,,4,,,,,
ELEC,Alta Cellars - Tesla Destination,Manson,WA,98831,Public,,2,,,,,
ELEC,Hard Row to Hoe Vineyards - Tesla Destination,Manson,WA,98831,Public - Call ahead,,1,,,,,
ELEC,Moonstone Beach Motel - Tesla Destination,Moclips,WA,98562,Public,,3,,,,,
ELEC,Fairfield Inn & Suites by Marriott Moses Lake - Tesla Destination,Moses Lake,WA,98837,Public,,1,,,,,
ELEC,Adytum Sanctuary - Tesla Destination,Mossyrock,WA,98564,Public,,3,,,,,
ELEC,Hobuck Beach  Resort - Tesla Destination,Neah Bay,WA,98357,Public,,2,,,,,
ELEC,Hobuck Beach Resort  RV Camping - Tesla Destination,Neah Bay,WA,98357,Public,,2,,,,,
ELEC,Swantown Inn & Spa - Tesla Destination,Olympia,WA,98501,Public,,2,,,,,
ELEC,Hotel RL by Red Lion - Tesla Destination,Olympia,WA,98502,Public,,3,,,,,
ELEC,Veranda Beach Resort - Tesla Destination,Oroville,WA,98844,Public - Call ahead,,4,,,,,
ELEC,Red Lion Hotel Pasco - Tesla Destination,Pasco,WA,99301,Public,,3,,,,,
ELEC,Camaraderie Cellars - Tesla Destination,Port Angeles,WA,98363,Public,,2,,,,,
ELEC,Colette's Bed and Breakfast - Tesla Destination,Port Angeles,WA,98362,Public,,1,,,,,
ELEC,"George Washington Inn, a Select Registry Property - Tesla Destination",Port Angeles,WA,98362,Public,,2,,,,,
ELEC,Holiday Inn Express Pullman - Tesla Destination,Pullman,WA,99163,Public,,3,,,,,
ELEC,Hampton Inn and Suites Puyallup - Tesla Destination,Puyallup,WA,98371,Public,,2,,,,,
ELEC,Cave B Estate Winery & Resort - Tesla Destination,Quincy,WA,98848,Public,,3,,,,,
ELEC,Seattle Marriott Redmond - Tesla Destination,Redmond,WA,98052,Public - Call ahead,,3,,,,,
ELEC,Homewood Suites Richland - Tesla Destination,Richland,WA,99352,Public,,4,,,,,
ELEC,Hampton Inn Richland/Tri-Cities - Tesla Destination,Richland,WA,99352,Public,,3,,,,,
ELEC,Thompson Seattle - Tesla Destination,Seattle,WA,98101,Public,,2,,,,,
ELEC,Hotel 1000 - Tesla Destination,Seattle,WA,98104,Public,,3,,,,,
ELEC,Motif Seattle - Tesla Destination,Seattle,WA,98101,Public - Call ahead,,4,,,,,
ELEC,Hotel Theodore - Tesla Destination,Seattle,WA,98101,Public,,3,,,,,
ELEC,Cedarbrook Lodge - Tesla Destination,Seattle,WA,98188,Public,,2,,,,,
ELEC,Seattle Marriott Waterfront - Tesla Destination,Seattle,WA,98121,Public,,3,,,,,
ELEC,Bedrooms & More - Tesla Destination,Seattle,WA,98105,Public,,2,,,,,
ELEC,400 Fairview - Tesla Destination,Seattle,WA,98109,Public,,6,,,,,
ELEC,The Fairmont Olympic Hotel - Tesla Destination,Seattle,WA,98101,Public - Call ahead,,3,,,,,
ELEC,Residence Inn by Marriott Seattle University Distric - Tesla Destination,Seattle,WA,98105,Public - Call ahead,,2,,,,,
ELEC,Hampton Inn and Suites Seattle-Downtown - Tesla Destination,Seattle,WA,98109,Public - Call ahead,,2,,,,,
ELEC,Four Points by Sheraton Downtown Seattle Center - Tesla Destination,Seattle,WA,98109,Public - Call ahead,,2,,,,,
ELEC,Hotel Max - Tesla Destination,Seattle,WA,98101,Public,,1,,,,,
ELEC,Shafer Baillie Mansion Bed & Breakfast - Tesla Destination,Seattle,WA,98112,Public - Call ahead,,1,,,,,
ELEC,Four Seasons Hotel Seattle - Tesla Destination,Seattle,WA,98101,Public,,2,,,,,
ELEC,Shelburne Inn Restaurant & Pub - Tesla Destination,Seaview,WA,98644,Public - Call ahead,,2,,,,,
ELEC,Lost Mountain Lodge - Tesla Destination,Sequim,WA,98382,Public - Call ahead,,2,,,,,
ELEC,GreenHouse Inn by the Bay - Tesla Destination,Sequim,WA,98382,Public,,2,,,,,
ELEC,Snoqualmie Casino - Tesla Destination,Snoqualmie,WA,98065,Public,,4,,,,,
ELEC,The Davenport Hotel - Tesla Destination,Spokane,WA,99201,Public,,1,,,,,
ELEC,The Davenport Tower - Tesla Destination,Spokane,WA,99201,Public,,1,,,,,
ELEC,Oxford Suites Spokane - Tesla Destination,Spokane,WA,99201,Public,,3,,,,,
ELEC,Hampton Inn Airport Spokane - Tesla Destination,Spokane,WA,99224,Public,,3,,,,,
ELEC,DoubleTree by Hilton Spokane City Center - Tesla Destination,Spokane,WA,99201,Public,,2,,,,,
ELEC,The Davenport Grand Hotel - Tesla Destination,Spokane,WA,99201,Public,,1,,,,,
ELEC,The Hotel Lusso - Tesla Destination,Spokane,WA,99201,Public,,1,,,,,
ELEC,Hilton Garden Inn Spokane Airport - Tesla Destination,Spokane,WA,99224,Public,,3,,,,,
ELEC,Oxford Suites Spokane Valley - Tesla Destination,Spokane Valley,WA,99216,Public,,3,,,,,
ELEC,Skamania Lodge - Tesla Destination,Stevenson,WA,98648,Public,,8,,,,,
ELEC,Hotel Murano - Tesla Destination,Tacoma,WA,98444,Public,,2,,,,,
ELEC,Best Western Plus Tacoma Dome Hotel - Tesla Destination,Tacoma,WA,98421,Public,,2,,,,,
ELEC,Alderbrook Resort & Spa - Tesla Destination,Union,WA,98592,Public,,3,,,,,
ELEC,Heathman Lodge - Tesla Destination,Vancouver,WA,98662,Public,,6,,,,,
ELEC,Dunham Wine Cellars - Tesla Destination,Walla Walla,WA,99362,Public - Call ahead,,1,,,,,
ELEC,Pepper Bridge Winery - Tesla Destination,Walla Walla,WA,99362,Public,,2,,,,,
ELEC,Inn at Abeja - Tesla Destination,Walla Walla,WA,99362,Public,,1,,,,,
ELEC,Amavi Cellars - Tesla Destination,Walla Walla,WA,99362,Public,,2,,,,,
ELEC,Marcus Whitman Hotel - Tesla Destination,Walla Walla,WA,99362,Public,,3,,,,,
ELEC,Corvus Cellars - Tesla Destination,Walla Walla,WA,99362,Public,,2,,,,,
ELEC,Warm Springs Inn & Winery - Tesla Destination,Wenatchee,WA,98801,Public - Call ahead,,1,,,,,
ELEC,Cranberry Road Winery - Tesla Destination,Westport,WA,98595,Public,,3,,,,,
ELEC,Sun Mountain Lodge - Tesla Destination,Winthrop,WA,98862,Public,,3,,,,,
ELEC,Willows Lodge - Tesla Destination,Woodinville,WA,98072,Public,,5,,,,,
ELEC,Holiday Inn Downtown Yakima - Tesla Destination,Yakima,WA,98901,Public,,4,,,,,
ELEC,Legacy Villa,Vista Dr,WA,99019,Public,,2,,,,,
ELEC,Spokane Indians,Spokane Valley,WA,99202,Public,,2,,,,,
ELEC,Cle Elum Business Park - Tesla Supercharger,Cle Elum,WA,98922,Public,,,12,,,,
ELEC,Vancouver Mall - North,Vancouver,WA,98662,Public,,2,,,,,
ELEC,Midtown 21,Seattle,WA,98101,Public,,6,,,,,
ELEC,SRO SP2,Bellevue,WA,98006,Public,,2,,,,,
ELEC,SRO SP1,Bellevue,WA,98006,Public,,2,,,,,
ELEC,SRO ICC #1,Mercer Island,WA,98040,Public,,2,,,,,
ELEC,UNIVERSITYPLACE UP CH #3,University Place,WA,98466,Public,,2,,,,,
ELEC,UNIVERSITYPLACE UP CH #2,University Place,WA,98466,Public,,2,,,,,
ELEC,CLOVER PARK TEC BUILDING 24 #1,Lakewood,WA,98499,Public,,2,,,,,
ELEC,TACOMA PARKS EASTSIDE #2,Tacoma,WA,98404,Public,,1,,,,,
ELEC,JLR BELLEVUE DC FAST 01,Bellevue,WA,98005,Public,,,1,,,,
ELEC,ALLEN INSTITUTE SOUTH,Seattle,WA,98109,Public,,2,,,,,
ELEC,European Autohaus,Spokane,WA,99224,Public,,2,,,,,
ELEC,RED 160,Redmond,WA,98052,Public,,1,,,,,
ELEC,TPU TPU HQ #8,Tacoma,WA,98409,Public,,2,,,,,
ELEC,PACIFIC LUTH U STATION 3,Tacoma,WA,98447,Public,,2,,,,,
ELEC,PACIFIC LUTH U STATION 2,Tacoma,WA,98447,Public,,2,,,,,
ELEC,SIA ECO 2,Spokane,WA,99224,Public,,2,,,,,
ELEC,TPU TPU OLD TOWN #2,Tacoma,WA,98403,Public,,2,,,,,
ELEC,INTEGRAND TROVE,Bellingham,WA,98225,Public,,2,,,,,
ELEC,521606-CIVICA OFFICE COMMONS,BELLEVUE,WA,98004,Public,,4,,,,,
ELEC,T-MOBILE PARK GRIFFEY,Seattle,WA,98134,Public,,1,,,,,
ELEC,King County Housing Authority - Main Office,Tukwila,WA,98188,Public,,1,,,,,
ELEC,"Walmart 2539 - Spokane Valley, WA",Spokane Valley,WA,99037,Public,,,8,,,,
ELEC,North Bend Premium Outlets,North Bend,WA,98045,Public,,,4,,,,
ELEC,Walmart 2947 Vancouver,Vancouver,WA,98665,Public,,,6,,,,
ELEC,3rd Street Parking,Yakima,WA,98901,Public,,2,,,,,
ELEC,SKAGITYMCA ONE,Mount Vernon,WA,98273,Public,,2,,,,,
ELEC,Fred Meyer - Tesla Supercharger,Monroe,WA,98272,Public,,,12,,,,
ELEC,Blue Mountain Station - Tesla Destination,Dayton,WA,99328,Public,,3,,,,,
ELEC,Washington Athletic Club Garage - Tesla Destination,Seattle,WA,98101,Public,,5,,,,,
ELEC,Hotel Interurban - Tesla Destination,Tukwila,WA,98188,Public,,4,,,,,
ELEC,Patterson Cellars - Tesla Destination,Woodinville,WA,98072,Public,,2,,,,,
ELEC,LINCOLN SQUARE LS NORTH DUAL 4,Bellevue,WA,98004,Public,,2,,,,,
ELEC,188 BLAINE ATRIUM4,Seattle,WA,98102,Public,,2,,,,,
ELEC,188 BLAINE ATRIUM3,Seattle,WA,98102,Public,,2,,,,,
ELEC,BELLEVUE PLACE BELL PLACE #2,Bellevue,WA,98004,Public,,2,,,,,
ELEC,DAY 1 SEA29 P3 005,Seattle,WA,98109,Public,,1,,,,,
ELEC,STA West Plains,Spokane,WA,99201,Public,,2,1,,,,
ELEC,STCU,Liberty Lake,WA,99019,Public,,2,,,,,
ELEC,BELLEVUE SQUARE BELL SQ WEST #4,Bellevue,WA,98004,Public,,2,,,,,
ELEC,BELLEVUE SQUARE BELL SQ WEST #3,Bellevue,WA,98004,Public,,2,,,,,
ELEC,BELLEVUE SQUARE BELL SQ WEST #2,Bellevue,WA,98004,Public,,2,,,,,
ELEC,"Walmart 2596 - Mount Vernon, WA",Mount Vernon,WA,98273,Public,,,4,,,,
ELEC,Lake Quinault Lodge,Quinault,WA,98575,Public,,2,,,,,
ELEC,"Target T2290 - Renton, WA",Renton,WA,98057,Public,,1,3,,,,
ELEC,Parklands North Creek - Building Q,Bothell,WA,98011,Public,,2,,,,,
ELEC,"Target T0338 - Lynnwood, WA",Lynnwood,WA,98037,Public,,1,3,,,,
ELEC,CM80 STATION 1,Lakewood,WA,98498,Public,,2,,,,,
ELEC,"Walmart 3531 - Lacey, WA",Lacey,WA,98516,Public,,,6,,,,
ELEC,The Hanger - Kenmore,Kenmore,WA,98028,Public,,1,,,,,
ELEC,VALLEY MED CTR NE GARAGE #4,Renton,WA,98055,Public,,2,,,,,
ELEC,VALLEY MED CTR NE GARAGE #2,Renton,WA,98055,Public,,2,,,,,
ELEC,DAY 1 SEA23 P1 001,Seattle,WA,98109,Public,,2,,,,,
ELEC,HOFM SHOP02,Marysville,WA,98271,Public,,1,,,,,
ELEC,"Walmart 5073 - Covington, WA",Covington,WA,98042,Public,,1,3,,,,
ELEC,Seattle Premium Outlets,Tulalip,WA,98271,Public,,,4,,,,
ELEC,Three Rivers Mall,Kelso,WA,98626,Public,,,4,,,,
ELEC,"Walmart 4137 - Tacoma, WA",Tacoma,WA,98405,Public,,1,3,,,,
ELEC,"Walmart 2269 - Yakima, WA",Yakima,WA,98901,Public,,,4,,,,
ELEC,Vancouver Mall - Southeast,Vancouver,WA,98662,Public,,2,,,,,
ELEC,Vancouver Mall - Ulta,Vancouver,WA,98662,Public,,2,,,,,
ELEC,Whole Foods Bellingham,Bellingham,WA,98229,Public - Card key at all times,,,2,,,,
ELEC,LONE WOLF H-D DCFAST HOG,Spokane Valley,WA,99016,Public,,,1,,,,
ELEC,CHINA CITY N CHINA CITY #2,Freeland,WA,98249,Public,,2,,,,,
ELEC,HARLEY1 DCFAST HOG,Lynnwood,WA,98037,Public,,,1,,,,
ELEC,DESTINATION DCFAST HOG,Fife,WA,98424,Public,,,1,,,,
ELEC,CHINA CITY N CHINA CITY #1,Oak Harbor,WA,98277,Public,,2,,,,,
ELEC,MEYDENBAUER PARKING LOT,Bellevue,WA,98004,Public,,2,,,,,
ELEC,EASTSIDE HD DCFAST HOG,Bellevue,WA,98005,Public,,,1,,,,
ELEC,PERMANENTE KP PUYALLUP #4,Puyallup,WA,98374,Public,,2,,,,,
ELEC,PERMANENTE KPP #3,Puyallup,WA,98374,Public,,2,,,,,
ELEC,DAY 1 REINVENT5,Seattle,WA,98121,Public,,2,,,,,
ELEC,CBRE1 URBAN COM #1,Kirkland,WA,98033,Public,,2,,,,,
ELEC,LAKEVIEW L&P 1 LLP 1,Lakewood,WA,98499,Public,,2,,,,,
ELEC,BWP VANCOUVER FISHERS LANDING,Vancouver,WA,98683,Public,,2,,,,,
ELEC,CENTER PLAZA FEDERAL WAY 3,Federal Way,WA,98003,Public,,2,,,,,
ELEC,VIDA APARTMENTS VIDA 1,Seattle,WA,98115,Public,,2,,,,,
ELEC,Orcas Village Park and Ride,Orcas,WA,98280,Public,,1,1,,,,
ELEC,Chehalis Commerce District,Chehalis,WA,98532,Public - Card key at all times,,2,1,,,,
ELEC,Kohl’s - Vancouver SE,Vancouver,WA,98684,Public,,2,,,,,
ELEC,COLLEGE HALL MUSIC HALL,Spokane,WA,99202,Public,,2,,,,,
ELEC,Gonzaga Fast,SPOKANE,WA,99201,Public,,,1,,,,
ELEC,Dupont Center - Ace Hardware,DuPont,WA,98327,Public - Card key at all times,,2,2,,,,
ELEC,"Walmart 3053 - Everett, WA",Everett,WA,98208,Public,,,10,,,,
ELEC,Cow Creek Mercantile,Ritzville,WA,99169,Public,,,4,,,,
ELEC,HASCO STATION 01,Everett,WA,98204,Public,,2,,,,,
ELEC,EDMONDSNISSAN CAMPBELL NORTH,Edmonds,WA,98026,Public,,,1,,,,
ELEC,"Walmart 5462 - Vancouver, WA",Vancouver,WA,98683,Public,,1,3,,,,
ELEC,UDR ISLAND SQ APT 1,Mercer Island,WA,98040,Public,,2,,,,,
ELEC,SeaTac Cell Phone Parking Lot,Seattle,WA,98188,Public - Card key at all times,,,2,,,,
ELEC,Revision Marine,Port Townsend,WA,98368,Public,,1,,,,,
ELEC,DC CORRIDOR WOODLAND ZOO DC,Seattle,WA,98103,Public,,,1,,,,
ELEC,Capital Mall - REI,Olympia,WA,98502,Public,,2,,,,,
ELEC,Capital Mall - North Entrance,Olympia,WA,98502,Public,,2,,,,,
ELEC,Capital Mall - Best Buy,Olympia,WA,98502,Public,,2,,,,,
ELEC,Westfield Southcenter Mall,Tukwila,WA,98188,Public,,3,,,,,
ELEC,AMC Factoria 8,Bellevue,WA,98006,Public,,2,,,,,
ELEC,Broadway Market,Seattle,WA,98102,Public,,2,,,,,
ELEC,The Terminal at Ballard,Seattle,WA,98107,Public,,2,,,,,
ELEC,Safeway,Seattle,WA,98115,Public,,2,,,,,
ELEC,AMC Loews Oak Tree 6,Seattle,WA,98133,Public,,2,,,,,
ELEC,Sammamish Highlands,Sammamish,WA,98074,Public,,2,,,,,
ELEC,Pine Lake Village,Sammamish,WA,98075,Public,,2,,,,,
ELEC,Grand Ridge Plaza Regal Theater,Issaquah,WA,98029,Public,,2,,,,,
ELEC,Kitsap Mall - Dick’s Sporting Goods,Silverdale,WA,98383,Public,,2,,,,,
ELEC,Kitsap Mall - Kohl’s,Silverdale,WA,98383,Public,,2,,,,,
ELEC,SCH CURE P1 #5,Seattle,WA,98101,Public,,2,,,,,
ELEC,"Target T1331 - Lake Stevens, WA",Lake Stevens,WA,98258,Public,,1,6,,,,
ELEC,JET CITY HARLEY DC FAST HOG,Renton,WA,98057,Public,,,1,,,,
ELEC,Simon Northgate Mall,Seattle,WA,98125,Public,,1,3,,,,
ELEC,Ridgewood Corporate Square Building G,Bellevue,WA,98007,Public,,2,,,,,
ELEC,KENT YMCA KENT YMCA #2,Kent,WA,98030,Public,,2,,,,,
ELEC,KENT YMCA KENT YMCA #3,Kent,WA,98030,Public,,2,,,,,
ELEC,KENT YMCA KENT YMCA #1,Kent,WA,98030,Public,,2,,,,,
ELEC,MARYSVILLE TYTA STATION 01,Marysville,WA,98271,Public,,2,,,,,
ELEC,"Target T0627 - Tukwila, WA",Tukwila,WA,98188,Public,,,5,,,,
ELEC,COMMUNITY HOUSE COMMUNITY #2,Tacoma,WA,98405,Public,,1,,,,,
ELEC,"Target T0996 - Issaquah, WA",Issaquah,WA,98027,Public,,1,3,,,,
ELEC,UDR CHARGER 4,Bellevue,WA,98004,Public,,2,,,,,
ELEC,KW RADIUS RADIUS 1,Seattle,WA,98109,Public,,2,,,,,
ELEC,UDR ISLAND SQ APT 2,Mercer Island,WA,98040,Public,,2,,,,,
ELEC,Ridgewood Corporate Square Building F,Bellevue,WA,98005,Public,,2,,,,,
ELEC,Ridgewood Corporate Square Building D,Bellevue,WA,98007,Public,,2,,,,,
ELEC,EASTGATE OFFICE EASTGATE GARAGE,Bellevue,WA,98007,Public,,2,,,,,
ELEC,Bella Tess Apartments,Spokane,WA,99216,Public,,2,,,,,
ELEC,Wingate by Wyndham Spokane Airport,Spokane,WA,99224,Public,,2,,,,,
ELEC,"Walmart 5628 - Monroe, WA",Monroe,WA,98272,Public,,1,3,,,,
ELEC,CFC Cordata,Bellingham,WA,98226,Public,,2,,,,,
ELEC,"Bellingham 1, LLP",Bellingham,WA,98226,Public,,1,,,,,
ELEC,CFC Holly ST Lot,Bellingham,WA,98225,Public,,2,,,,,
ELEC,Railroad Avenue South Lot,Bellingham,WA,98225,Public,,2,,,,,
ELEC,Western Washington University,Bellingham,WA,98225,Public,,6,,,,,
ELEC,Sinkiuse Square,Moses Lake,WA,98837,Public,,2,,,,,
ELEC,"Walgreens - Anacortes, WA #7131",Anacortes,WA,98221,Public,,1,,,,,
ELEC,1203 Parking Lot,Anacortes,WA,98221,Public,,1,,,,,
ELEC,Island Hospital Behind M.O.B. Building,Anacortes,WA,98221,Public,,1,,,,,
ELEC,Hotel lndigo Everett,Everett,WA,98201,Public,,4,,,,,
ELEC,"Walgreens - Everett, WA #5598",Everett,WA,98203,Public,,1,,,,,
ELEC,Light House Park,Mukilteo,WA,98275,Public,,3,,,,,
ELEC,"Walgreens - Everett, WA #4730",Everett,WA,98208,Public,,1,,,,,
ELEC,Valley Supply - Woodinville,Woodinville,WA,98072,Public,,1,,,,,
ELEC,"Walgreens - Lynnwood, WA #6302",Lynnwood,WA,98037,Public,,1,,,,,
ELEC,"Walgreens - Bothell, WA #6614",Bothell,WA,98201,Public,,1,,,,,
ELEC,Canyon Park Office Park,Bothell,WA,98021,Public,,2,,,,,
ELEC,Monte Villa,Bothell,WA,98021,Public,,2,,,,,
ELEC,"531632: MR Creekside, LLC",Lynnwood,WA,98036,Public,,6,,,,,
ELEC,Public Safety #3,Edmonds,WA,98020,Public,,1,,,,,
ELEC,Public Safety #4,Edmonds,WA,98020,Public,,1,,,,,
ELEC,Main Street #5,Edmonds,WA,98020,Public,,1,,,,,
ELEC,City Hall #2,Edmonds,WA,98020,Public,,1,,,,,
ELEC,Willows A,Redmond,WA,98052,Public,,2,,,,,
ELEC,6th Ave #6,Edmonds,WA,98020,Public,,1,,,,,
ELEC,City Park #1,Edmonds,WA,98020,Public,,1,,,,,
ELEC,531605: Park East Business Park,Redmond,WA,98052,Public,,6,,,,,
ELEC,531606 : Willows Commerce Park - DigiPen,Redmond,WA,98052,Public,,6,,,,,
ELEC,"Walgreens - Shoreline, WA #4759",Shoreline,WA,98155,Public,,1,,,,,
ELEC,"Walgreens - Kirkland, WA #6258",Kirkland,WA,98034,Public,,1,,,,,
ELEC,"Walgreens - Kirkland, WA #4156",Kirkland,WA,98033,Public,,1,,,,,
ELEC,Array Apartments,Seattle,WA,98125,Public,,1,,,,,
ELEC,Whitman College,Walla Walla,WA,99362,Public,,2,,,,,
ELEC,Sequim City/ Clallam PUD,Sequim,WA,98382,Public,,2,,,,,
ELEC,"Walgreens - Seattle, WA #4157",Seattle,WA,98125,Public,,1,,,,,
ELEC,Cochran Main Office,Seattle,WA,98133,Public,,4,,,,,
ELEC,"Walgreens - Bellevue, WA #3662",Bellevue,WA,98005,Public,,1,,,,,
ELEC,South Building,Seattle,WA,98133,Public,,1,,,,,
ELEC,North Building,Seattle,WA,98133,Public,,1,,,,,
ELEC,Plaza East,Bellevue,WA,98004,Public,,2,,,,,
ELEC,929 Office Tower,Bellevue,WA,98004,Public,,6,,,,,
ELEC,Discovery West Apartments,Issaquah,WA,98029,Public,,3,,,,,
ELEC,Bellevue Corporate Plaza,Bellevue,WA,98004,Public,,2,,,,,
ELEC,Swedish Medical Center Issaquah Campus,Issaquah,WA,98027,Public,,3,,,,,
ELEC,Tower 333,Bellevue,WA,98004,Public,,2,,,,,
ELEC,531607 : Centre 425 / Everest,Bellevue,WA,98004,Public,,6,,,,,
ELEC,Venn at Main Apartments,Bellevue,WA,98004,Public,,4,,,,,
ELEC,Legacy Partners Commercial,Mercer Island,WA,98040,Public,,2,,,,,
ELEC,Sunset North,Bellevue,WA,98005,Public,,6,,,,,
ELEC,531614 :Sunset Corporate Campus,Bellevue,WA,98005,Public,,6,,,,,
ELEC,Sunset Corporate Campus,Bellevue,WA,98005,Public,,4,,,,,
ELEC,The Commons at Ballard,Seattle,WA,98107,Public,,8,,,,,
ELEC,WSU Wine Science,Richland,WA,99354,Public,,1,,,,,
ELEC,"Walgreens - Mercer Island, WA #3733",Mercer Island,WA,98040,Public,,1,,,,,
ELEC,Central Co-op,Seattle,WA,98122,Public,,4,,,,,
ELEC,531613 - 1000-1100 Dexter Avenue N,Seattle,WA,98109,Public,,6,,,,,
ELEC,Juxt,Seattle,WA,98109,Public,,4,,,,,
ELEC,531620 : Centre 425/Everest,Seattle,WA,98109,Public,,6,,,,,
ELEC,Troy Block,Seattle,WA,98109,Public,,6,,,,,
ELEC,431602 : Kinects Tower - 1823 Minor Avenue,Seattle,WA,98101,Public,,3,,,,,
ELEC,Tilt49 Realty LLC,Seattle,WA,98101,Public,,4,,,,,
ELEC,Hill 7 Station,Seattle,WA,98101,Public,,7,,,,,
ELEC,1007 Stewart Street,Seattle,WA,98101,Public,,4,,,,,
ELEC,531628 : 2201 Westlake,Seattle,WA,98109,Public,,6,,,,,
ELEC,531622 : 818 Stewart Street Holdco LLC,Seattle,WA,98101,Public,,6,,,,,
ELEC,818 Stewart Street Holdco LLC,Seattle,WA,98101,Public,,4,,,,,
ELEC,1918 Eight Avenue Holdco LLC,Seattle,WA,98101,Public,,6,,,,,
ELEC,531623 : 1918 Eight Avenue Holdco LLC,Seattle,WA,98101,Public,,4,,,,,
ELEC,531604 : 600 Broadway,Seattle,WA,98122,Public,,6,,,,,
ELEC,531616 - Marion & Minor Garage,Seattle,WA,98104,Public,,6,,,,,
ELEC,1600 Seventh,Seattle,WA,98191,Public,,3,,,,,
ELEC,Queen Anne Square,Seattle,WA,98119,Public,,2,,,,,
ELEC,Washington State Convention Center Parking Garage,Seattle,WA,98101,Public,,4,,,,,
ELEC,Dimension Seattle,Seattle,WA,98121,Public,,2,,,,,
ELEC,101 Elliott,Seattle,WA,98121,Public,,1,,,,,
ELEC,Market Place Tower,Seattle,WA,98121,Public,,1,,,,,
ELEC,"531612 : PRISA Market Place Tower WA, LLC c/o CBRE",Seattle,WA,98121,Public,,6,,,,,
ELEC,Inn At The Market,Seattle,WA,98101,Public,,1,,,,,
ELEC,1201 Third,Seattle,WA,98101,Public,,4,,,,,
ELEC,Pike Place Market,Seattle,WA,98101,Public,,9,,,,,
ELEC,Gateway Transit Center,Port Angeles,WA,98362,Public,,1,,,,,
ELEC,Level A,Seattle,WA,98104,Public,,2,,,,,
ELEC,Second and Seneca Tower,Seattle,WA,98101,Public,,4,,,,,
ELEC,"531603: 701 Pike Street (Seattle), LLC",Seattle,WA,98101,Public,,6,,,,,
ELEC,Millennium Tower,Seattle,WA,98104,Public,,2,,,,,
ELEC,City Investors XXIII LLC,Seattle,WA,98104,Public,,4,,,,,
ELEC,Union Station Parking Garage (#USPG),Seattle,WA,98134,Public,,4,,,,,
ELEC,Avalark Hawk Tower,Seattle,WA,98104,Public,,8,,,,,
ELEC,450 Alaskan Garage,Seattle,WA,98104,Public,,3,,,,,
ELEC,505 First Garage,Seattle,WA,98104,Public,,4,,,,,
ELEC,531610: Stadium Innovation Center,Seattle,WA,98134,Public,,6,,,,,
ELEC,"Walgreens - Renton, WA #7355",Renton,WA,98056,Public,,1,,,,,
ELEC,"Walgreens - Renton, WA #12497",Renton,WA,98059,Public,,1,,,,,
ELEC,"531621 : McKinstry, Co (Garage)",Seattle,WA,98134,Public,,6,,,,,
ELEC,"Walgreens - Bainbridge Island, WA #15673",Bainbridge Island,WA,98110,Public,,2,,,,,
ELEC,"Walgreens - Renton, WA #4627",Renton,WA,98056,Public,,1,,,,,
ELEC,"Walgreens - Seattle, WA #4898",Seattle,WA,98126,Public,,1,,,,,
ELEC,"Walgreens - Bremerton, WA #5912",Bremerton,WA,98310,Public,,1,,,,,
ELEC,Valley Supply - Silverdale,Silverdale,WA,98383,Public,,1,,,,,
ELEC,"Walgreens - Kent, WA #6304",Kent,WA,98042,Public,,1,,,,,
ELEC,"Walgreens - Des Moines, WA #9423",Des Moines,WA,98198,Public,,1,,,,,
ELEC,Muckleshoot Casino,Auburn,WA,98002,Public,,4,,,,,
ELEC,Auburn Corporate Center I,Auburn,WA,98001,Public,,2,,,,,
ELEC,"White River Property, LLC.",Auburn,WA,98002,Public,,1,,,,,
ELEC,Four Lakes Apartments,Auburn,WA,98092,Public,,2,,,,,
ELEC,Valley Supply - Puyallup,Puyallup,WA,98372,Public,,1,,,,,
ELEC,Copperline Apartments,Tacoma,WA,98407,Public,,2,,,,,
ELEC,531617 : Court C Parking Level - Charging Stations,Tacoma,WA,98402,Public,,4,,,,,
ELEC,"Walgreens - Tacoma, WA #7356",Tacoma,WA,98407,Public,,1,,,,,
ELEC,531609 : Pierce County Annex,Tacoma,WA,98409,Public,,6,,,,,
ELEC,"Walgreens - Tacoma, WA #9590",Tacoma,WA,98408,Public,,1,,,,,
ELEC,"Walgreens - Tacoma, WA #3581",Tacoma,WA,98444,Public,,1,,,,,
ELEC,"Walgreens - University Place, WA #3723",University Place,WA,98467,Public,,1,,,,,
ELEC,"Walgreens - Lakewood, WA #3514",Lakewood,WA,98499,Public,,1,,,,,
ELEC,Steilacoom EV Station,Steilacoom,WA,98388,Public,,1,,,,,
ELEC,DuPont Grocery Inc.,DuPont,WA,98327,Public,,2,,,,,
ELEC,Dupont Family Dentistry,DuPont,WA,98327,Public,,1,,,,,
ELEC,Nisqually Red Wind Casino,Olympia,WA,98513,Public,,4,,,,,
ELEC,Cornerstone,Lacey,WA,98503,Public,,2,,,,,
ELEC,Kalaloch Lodge,Forks,WA,98331,Public,,4,,,,,
ELEC,Shoalwater Bay Casino,Grayland,WA,98590,Public,,2,,,,,
ELEC,Hotel Cathlamet Rear Parking Lot,Cathlamet,WA,98612,Public,,1,,,,,
ELEC,Adrift Hotel,Long Beach,WA,98631,Public,,3,,,,,
ELEC,Mercy 1Transport,Vancouver,WA,98662,Public,,1,,,,,
ELEC,"Walgreens - Vancouver, Wa #5816",Vancouver,WA,98665,Public,,1,,,,,
ELEC,"Walgreens - Vancouver, WA #11653",Vancouver,WA,98661,Public,,1,,,,,
ELEC,431004 : The Reserve at CTC,Vancouver,WA,98683,Public,,4,,,,,
ELEC,"Walgreens - Vancouver, WA #10141",Vancouver,WA,98661,Public,,1,,,,,
ELEC,"Walgreens - Vancouver, WA #7226",Vancouver,WA,98664,Public,,1,,,,,
ELEC,Comfort Inn & Suites,Vancouver,WA,98660,Public,,2,,,,,
ELEC,Franklin IDE,Vancouver,WA,98661,Public,,2,,,,,
ELEC,SEHOME HS SEHOME HIGH #1,Bellingham,WA,98225,Public,,2,,,,,
ELEC,5TH AND BELL 5TH & BELL #2,Seattle,WA,98121,Public,,2,,,,,
ELEC,5TH AND BELL 5TH & BELL #1,Seattle,WA,98121,Public,,2,,,,,
ELEC,TRANS SERVICES DANA WEST,Pullman,WA,99163,Public,,2,,,,,
ELEC,"Fred Meyer 457 - Bothell, WA",Bothell,WA,98021,Public,,1,3,,,,
ELEC,Union Square - Tesla Supercharger,Seattle,WA,98101,Public,,,10,,,,
ELEC,Jake's Hiway 2 Sports,Gold Bar,WA,98251,Public,,3,,,,,
ELEC,Blue Lot,Tacoma,WA,98405,Public,,1,,,,,
ELEC,Yakima Garage,Tacoma,WA,98403,Public,,4,,,,,
ELEC,Hilton Garden Inn Bellevue,Bellevue,WA,98004,Public,,4,,,,,
ELEC,Lexington,Seattle,WA,98104,Public,,2,,,,,
ELEC,Seattle City Light S Service,Seattle,WA,98134,Public,,2,4,,,,
ELEC,DUAL EV STATION 5,Seattle,WA,98105,Public,,2,,,,,
ELEC,Kennewick Recharge,Kennewick,WA,99338,Public,,,2,,,,
ELEC,P1 Parking Level 1,Seattle,WA,98122,Public,,4,,,,,
ELEC,192nd West Lofts,Camas,WA,98607,Public,,11,,,,,
ELEC,The Outlet Collection - Tesla Supercharger,Auburn,WA,98001,Public,,,14,,,,
ELEC,TA Petro - Tesla Supercharger,North Bend,WA,98045,Public,,,8,,,,
ELEC,THURSTON COUNTY COURTHOUSE 1,Olympia,WA,98502,Public,,2,,,,,
ELEC,CCB CCB 1,Bellevue,WA,98004,Public,,2,,,,,
ELEC,Windermere Camano Island - Tesla Destination,Camano,WA,98282,Public,,4,,,,,
ELEC,Union Street Garage Destination Charging - Floor C - Tesla Destination,Seattle,WA,98101,Public,,10,,,,,
ELEC,Freehand Cellars - Tesla Destination,Wapato,WA,98951,Public,,1,,,,,
ELEC,Doubleback Winery - Tesla Destination,Walla Walla,WA,99362,Public - Call ahead,,1,,,,,
ELEC,Majestic Inn & Spa - Tesla Destination,Anacortes,WA,98221,Public,,2,,,,,
ELEC,Whitman College - Tesla Destination,Walla Walla,WA,99362,Public,,1,,,,,
ELEC,A Room With a View - Tesla Destination,Walla Walla,WA,99362,Public - Call ahead,,1,,,,,
ELEC,NPS OF WEN LLC STATION 1,East Wenatchee,WA,98802,Public,,1,,,,,
ELEC,Walgreens #7594,Auburn,WA,98002,Public,,2,,,,,
ELEC,Walgreens #7480,Auburn,WA,98002,Public,,2,,,,,
ELEC,Kohl's Lynnwood,Lynnwood,WA,98037,Public,,2,,,,,
ELEC,Alderwood Mall - JC Penney,Lynnwood,WA,98037,Public,,2,,,,,
ELEC,Lynnwood Convention Center,Lynnwood,WA,98036,Public,,4,,,,,
ELEC,Walgreens #11856,Seattle,WA,98109,Public,,1,,,,,
ELEC,Safeway 35th Ave NE,Seattle,WA,98115,Public,,2,,,,,
ELEC,Walgreens #6307,Mukilteo,WA,98275,Public,,2,,,,,
ELEC,Walgreens #7908,Covington,WA,98042,Public,,2,,,,,
ELEC,Walgreens #3840,Burien,WA,98166,Public,,2,,,,,
ELEC,Walgreens #6901,Federal Way,WA,98003,Public,,2,,,,,
ELEC,Walgreens #7700,Federal Way,WA,98023,Public,,2,,,,,
ELEC,Walgreens #10995,Tukwila,WA,98168,Public,,2,,,,,
ELEC,Walgreens #16067,Vancouver,WA,98686,Public,,2,,,,,
ELEC,Safeway 516 1st Ave West,Seattle,WA,98119,Public,,2,,,,,
ELEC,TA Petro - Tesla Supercharger,Spokane,WA,99224,Public,,,8,,,,
ELEC,Emerson Apartments,Kirkland,WA,98034,Public,,1,,,,,
ELEC,COGIRQUEENANNE GATEWAY 1,Seattle,WA,98109,Public,,2,,,,,
ELEC,Woodside East Apartments,Bellevue,WA,98008,Public,,1,,,,,
ELEC,Bellepark East Apartments,Bellevue,WA,98008,Public,,1,,,,,
ELEC,Riverstone Apartment Homes,Federal Way,WA,98003,Public,,1,,,,,
ELEC,Vantage Point,Renton,WA,98055,Public,,1,,,,,
ELEC,Birch Creek Apartments,Kent,WA,98030,Public,,1,,,,,
ELEC,VASHON TWAY THRIFTWAY #1,Vashon,WA,98070,Public,,2,,,,,
ELEC,Forks Community Hospital,Forks,WA,98331,Public,,2,,,,,
ELEC,DC CORRIDOR SSC GEORGETOWN,Seattle,WA,98108,Public,,,1,,,,
ELEC,Lep Re Kon Harvest Foods - Tesla Supercharger,Moses Lake,WA,98837,Public,,,12,,,,
ELEC,Westfield Southcenter Mall - Handicap Only,Tukwila,WA,98188,Public,,1,,,,,
ELEC,Alderwood Mall - Macy’s,Lynnwood,WA,98037,Public,,2,,,,,
ELEC,Alderwood Mall - PF Chang’s,Lynnwood,WA,98037,Public,,4,,,,,
ELEC,Alderwood Mall - Nordstrom,Lynnwood,WA,98037,Public,,2,,,,,
ELEC,Rosauers - Ridgefield,Ridgefield,WA,98642,Public,,2,,,,,
ELEC,Port of Seattle - Shilshole Bay Marina North Lot,Seattle,WA,98117,Public,,4,,,,,
ELEC,EVERETT YMCA EVERETT YMCA #3,Everett,WA,98203,Public,,2,,,,,
ELEC,DAY 1 NITRO1,Seattle,WA,98121,Public,,2,,,,,
ELEC,FACEBOOK STATION 1,Redmond,WA,98052,Public,,2,,,,,
ELEC,SOP Canyon Pointe,Bothell,WA,98021,Public,,6,,,,,
ELEC,Birch Bay Square - Tesla Supercharger,Blaine,WA,98230,Public,,,14,,,,
ELEC,CAPITAL GATEWAY STATION 7,Olympia,WA,98501,Public,,1,,,,,
ELEC,Electric Vehicle Infrastructure Transportation Alliance - Prosser,Prosser,WA,99350,Public,,1,2,,,,
ELEC,Electric Vehicle Infrastructure Transportation Alliance - Richland,Richland,WA,99352,Public,,1,2,,,,
ELEC,Electric Vehicle Infrastructure Transportation Alliance - Moses Lake,Moses Lake,WA,98837,Public,,1,2,,,,
ELEC,BELLEVUE BSC ADMIN 1,Bellevue,WA,98004,Public,,2,,,,,
ELEC,Walgreens #5950,Seattle,WA,98118,Public,,2,,,,,
ELEC,Hampton Inn and Suites,Walla Walla,WA,99362,Public,,2,,,,,
ELEC,BELLEVUE 110TH & 10TH,Bellevue,WA,98004,Public,,1,,,,,
ELEC,BELLEVUE X-ROADS PARK 2,Bellevue,WA,98008,Public,,2,,,,,
ELEC,CPU EC 2,Vancouver,WA,98663,Public,,1,,,,,
ELEC,CPU OPS 2,Vancouver,WA,98662,Public,,1,,,,,
ELEC,HINSHAWSHONDA SHOP 01,Auburn,WA,98002,Public,,1,,,,,
ELEC,PORT OF OLYMPIA EAST,Olympia,WA,98501,Public,,2,,,,,
ELEC,King County Housing Authority - Juanita Court,Kirkland,WA,98034,Public,,1,,,,,
ELEC,CAPITAL GATEWAY STATION 5,Olympia,WA,98501,Public,,1,,,,,
ELEC,Whole Foods Lynnwood,Lynnwood,WA,98036,Public,,,2,,,,
ELEC,Magnuson Park,Seattle,WA,98115,Public,,,2,,,,
ELEC,531009 : Vancouver Police Department Headquarters,Vancouver,WA,98683,Public,,8,,,,,
ELEC,CPU EC 3 ADA,Vancouver,WA,98663,Public,,1,,,,,
ELEC,"Port of Seattle, Fishermen's Terminal, West Wall BLDG",Seattle,WA,98199,Public,,4,,,,,
ELEC,531608 : UW Tacoma C17 Garage,Tacoma,WA,98402,Public,,6,,,,,
ELEC,City of Waitsburg,Waitsburg,WA,99361,Public,,1,,,,,
ELEC,Walgreens #1089,Vancouver,WA,98684,Public,,2,,,,,
ELEC,Pilot Travel Center - Tesla Supercharger,Tumwater,WA,98512,Public,,,8,,,,
ELEC,Vancouver Mall - Tesla Supercharger,Vancouver,WA,98662,Public,,,8,,,,
ELEC,BLDG 22 CHARGER WSH STATION 2,Lakewood,WA,98498,Public,,1,,,,,
ELEC,BLDG 22 CHARGER WSH STATION 1,Lakewood,WA,98498,Public,,2,,,,,
ELEC,Office Park,Olympia,WA,98502,Public,,2,,,,,
ELEC,Dew Drop Inn - Tesla Supercharger,Forks,WA,98331,Public,,,8,,,,
ELEC,Port of Seattle - Shilshole Bay Marina South Lot,Seattle,WA,98117,Public,,4,,,,,
ELEC,NWHD CHARGING DCFAST HOG,Lacey,WA,98516,Public,,,1,,,,
ELEC,Troy Block,Seattle,WA,98109,Public,,10,,,,,
ELEC,"BOA 5-119 Kent, WA",Kent,WA,98032,Public,,1,3,,,,
ELEC,Rivertom (Copper Basin Construction),Spokane,WA,99202,Public,,2,,,,,
ELEC,531611 : Amazon Phase VI - Bigness,Seattle,WA,98109,Public,,6,,,,,
ELEC,Bigness,Seattle,WA,98109,Public,,3,,,,,
ELEC,531618 : Sidneysea LLC | Brazil,Seattle,WA,98109,Public,,4,,,,,
ELEC,Sidneysea LLC | Brazil,Seattle,WA,98109,Public,,3,,,,,
ELEC,531619 : Apollo Eight LLC,Seattle,WA,98104,Public,,6,,,,,
ELEC,Apollo Eight LLC,Seattle,WA,98104,Public,,3,,,,,
ELEC,STCU Airway Heights,Airway Heights,WA,99001,Public,,2,,,,,
ELEC,Sunwest Automotive Engine Inc,Medical Lake,WA,99022,Public,,2,,,,,
ELEC,PA PA CHARGER,Seattle,WA,98121,Public,,2,,,,,
ELEC,BELLEVUE X-ROADS CC,Bellevue,WA,98008,Public,,2,,,,,
ELEC,BELLEVUE X-ROADS PARK 1,Bellevue,WA,98008,Public,,2,,,,,
ELEC,FRED MEYER - #683 Grand Central,Vancouver,WA,98661,Public,,1,2,,,,
ELEC,HUDSON NRTHVIEW STATION 3,Lynnwood,WA,98036,Public,,2,,,,,
ELEC,HUDSON NRTHVIEW STATION 1,Lynnwood,WA,98036,Public,,2,,,,,
ELEC,Prosser,Prosser,WA,99350,Public,,,1,,,,
ELEC,EN Moses Lake,Moses Lake,WA,98837,Public,,,1,,,,
ELEC,Metpark North Garage,Seattle,WA,98101,Public,,3,,,,,
ELEC,Best Western - Wesley Inn & Suites,Gig Harbor,WA,98335,Public,,1,,,,,
ELEC,Kitsap Transit - Harborside Parking Garage,Bremerton,WA,98337,Public,,4,,,,,
ELEC,Anacortes Public Parking,Anacortes,WA,98221,Public,,1,,,,,
ELEC,Panera Bread - Tesla Supercharger,Kelso,WA,98626,Public,,,12,,,,
ELEC,ATRIUM GARAGE ATRIUM GARAGE,Bellevue,WA,98004,Public,,2,,,,,
ELEC,OBC ONE BELLEVUE,Bellevue,WA,98004,Public,,2,,,,,
ELEC,BELLEFIELD MADRONA 1,Bellevue,WA,98004,Public,,2,,,,,
ELEC,STATION STATION 2,Seattle,WA,98121,Public,,2,,,,,
ELEC,SUQ CLEARWATER CLEARWATER 1,Suquamish,WA,98392,Public,,2,,,,,
ELEC,SWD STATION  1 NORTH CITY #1,Shoreline,WA,98155,Public,,2,,,,,
ELEC,SAFEWAY STORE 3006 01,Issaquah,WA,98029,Public,,2,,,,,
ELEC,LCCR LCCR-W-PARKING,Shelton,WA,98584,Public,,2,,,,,
ELEC,202 WESTLAKE P1 STATION 01,Seattle,WA,98109,Public,,2,,,,,
ELEC,UPTOWN UPTOWN #2,Gig Harbor,WA,98335,Public,,2,,,,,
ELEC,TACOMA PARKS ZOO CHARGER #1,Tacoma,WA,98407,Public,1,1,,,,,
ELEC,KING COUNTY DOT GOAT HILL #5,Seattle,WA,98104,Public,,1,,,,,
ELEC,KING COUNTY DOT GOAT HILL #4,Seattle,WA,98104,Public,,1,,,,,
ELEC,LYRIC APARTMENT THE LYRIC #2,Seattle,WA,98102,Public,,2,,,,,
ELEC,CARCHARGING HARBR STEPS ERM,Seattle,WA,98101,Public,,1,,,,,
ELEC,HARBOR PLAZA HARBOR PLAZA 1,Gig Harbor,WA,98335,Public,,2,,,,,
ELEC,THE NOBLE THE NOBLE #1,Seattle,WA,98103,Public,,2,,,,,
ELEC,ISSAQUAH CITY HALL NW #1,Issaquah,WA,98027,Public,,2,,,,,
ELEC,SWWA JATC TRAINING CTR #1,Tacoma,WA,98409,Public,1,1,,,,,
ELEC,MADISON MARQUET STATION 6,Seattle,WA,98101,Public,,1,,,,,
ELEC,PCC NATURAL PCC EDMONDS #1,Edmonds,WA,98020,Public,1,1,,,,,
ELEC,NW WA JATC CARPORT #1,Mt Vernon,WA,98273,Public,1,1,,,,,
ELEC,ISSAQUAH ZHOME #1,Issaquah,WA,98029,Public,1,1,,,,,
ELEC,SUQUAMISH MASI  SUQUAMISH MASI2,Poulsbo,WA,98370,Public,1,1,,,,,
ELEC,"Cafaro VANCOUVER PLAZA (Vancouver, WA)",Vancouver,WA,98663,Public,,,4,,,,
ELEC,MOTORPOOL VISITOR CTR 2,Olympia,WA,98501,Public,,2,,,,,
ELEC,City of Colville,Colville,WA,99114,Public,,2,,,,,
ELEC,Best Western Plus Renton Inn,Renton,WA,98057,Public,,1,,,,,
ELEC,City Hall,College Place,WA,99324,Public,,2,,,,,
ELEC,MOTORPOOL PRO ARTS 1,Olympia,WA,98501,Public,,2,,,,,
ELEC,CIBO POINT WHITE DR,Bainbridge Island,WA,98110,Public,,2,,,,,
ELEC,"Bremerton Department of Children, Youth, and Families",Bremerton,WA,98335,Public - Credit card at all times,,2,,,,,
ELEC,Circle K,Vancouver,WA,98686,Public - Credit card at all times,,2,,,,,
ELEC,Mead Chevron,Mead,WA,99021,Public - Credit card at all times,,2,,,,,
ELEC,Washington Trust Bank,Spokane,WA,99203,Public - Credit card at all times,,2,,,,,
ELEC,WSU-Riverpoint,Spokane,WA,99202,Public - Credit card at all times,,2,,,,,
ELEC,Dry Gulch Trailhead,Wenatchee,WA,98801,Public - Credit card at all times,,1,,,,,
ELEC,Wenatchee Convention Center,Wenatchee,WA,98801,Public,,2,,,,,
ELEC,Confluence Health - Stanley Building,Wenatchee,WA,98801,Public,,2,,,,,
ELEC,Confluence Health - Mares Building,Wenatchee,WA,98801,Public,,2,,,,,
ELEC,Confluence Health - Central Washington Hospital,Wenatchee,WA,98801,Public,,2,,,,,
ELEC,Confluence Health - Central Washington Hospital Parking Garage,Wenatchee,WA,98801,Public,,12,,,,,
ELEC,BROADWAY BLDG STATION 1,Seattle,WA,98122,Public,,2,,,,,
ELEC,CAPRIO CELLARS STATION 1,Walla Walla,WA,99362,Public,,2,,,,,
ELEC,"Cafaro TARGET PLACE PLAZA (OLYMPIA, WA)",Olympia,WA,98502,Public,,,4,,,,
ELEC,Village at Beardslee Crossing - Tesla Supercharger,Bothell,WA,98011,Public,,,10,,,,
ELEC,Providence St. Mary Medical Center - Walla Walla,Walla Walla,WA,99362,Public,,2,,,,,
ELEC,KOZ WEAVER WEAVER RD RIGHT,Snohomish,WA,98290,Public,,2,,,,,
ELEC,BLAINE STATION 1,Blaine,WA,98230,Public,,2,,,,,
ELEC,600NINTH 600NINTH,Seattle,WA,98104,Public,,2,,,,,
ELEC,King County Housing Authority - Andover,Tukwila,WA,98188,Public,,1,,,,,
ELEC,GARAGE SOUTH LOT,Bellingham,WA,98225,Public,,2,,,,,
ELEC,P-3000 Garage at Carillon Point,Kirkland,WA,98033,Public,,1,,,,,
ELEC,P-2000 Garage at Carillon Point,Kirkland,WA,98033,Public,,2,,,,,
ELEC,P-5000 Garage at Carillon Point,Kirkland,WA,98033,Public,,1,,,,,
ELEC,P-4000 Garage at Carillon Point,Kirkland,WA,98033,Public,,1,,,,,
ELEC,CI&S COUNTRY INN #1,SeaTac,WA,98188,Public,,2,,,,,
ELEC,University of Washington - Husky Stadium,Seattle,WA,98195,Public,,2,,,,,
ELEC,University of Washington - Parking Area S1,Seattle,WA,98195,Public,,5,,,,,
ELEC,University of Washington - Portage Bay Garage,Seattle,WA,98105,Public,,4,,,,,
ELEC,University of Washington - Central Plaza Garage,Seattle,WA,98105,Public,,5,,,,,
ELEC,University of Washington - Parking Area N2,Seattle,WA,98105,Public,,1,,,,,
ELEC,University of Washington - Parking Area N5,Seattle,WA,98105,Public,,1,,,,,
ELEC,University of Washington - Parking Area W46,Seattle,WA,98105,Public,,2,,,,,
ELEC,Gold Parking Lot,Puyallup,WA,98371,Public,,1,,,,,
ELEC,Red Parking Lot,Puyallup,WA,98371,Public,,4,,,,,
ELEC,InterCityTransit,Olympia,WA,98516,Public,,5,,,,,
ELEC,Blue Parking Lot,Puyallup,WA,98371,Public,,3,,,,,
ELEC,VBG Seattle,Seattle,WA,98164,Public,,2,,,,,
ELEC,MasterPark/Lot B,SeaTac,WA,98188,Public,,2,,,,,
ELEC,WAC Parking,Seattle,WA,98101,Public,,3,,,,,
ELEC,"Walgreens - Shoreline, WA #3788",Shoreline,WA,98133,Public,,1,,,,,
ELEC,Ballard Flats,Seattle,WA,98107,Public,,1,,,,,
ELEC,CITY OF ZILLAH P&R NORTH,Zillah,WA,98953,Public,,2,,,,,
ELEC,Spokane City Credit Union,Spokane,WA,99205,Public,,1,,,,,
ELEC,"BELLEVUECOLLEGE BC SSC,U BLDG2",Bellevue,WA,98007,Public,,2,,,,,
ELEC,"BELLEVUECOLLEGE BC SSC,U BLDG1",Bellevue,WA,98007,Public,,2,,,,,
ELEC,KGIP BELL SOUTH STATION 6,Bellevue,WA,98114,Public,,2,,,,,
ELEC,KGIP BELL SOUTH STATION 1,Bellevue,WA,98114,Public,,2,,,,,
ELEC,KING COUNTY DOT KC AIRPORT 2,Seattle,WA,98108,Public,,2,,,,,
ELEC,Pinecroft Rivers Edge,Spokane,WA,99216,Public,,1,,,,,
ELEC,Spirit Wood Manor,Bellevue,WA,98007,Public,,1,,,,,
ELEC,KCHA - The Village at Overlake,Redmond,WA,98052,Public,,2,,,,,
ELEC,KING COUNTY DOT KC FAUNTLEROY3,Seattle,WA,98136,Public,,1,,,,,
ELEC,KING COUNTY DOT KC FAUNTLEROY2,Seattle,WA,98136,Public,,2,,,,,
ELEC,The Corydon,Seattle,WA,98105,Public,,2,,,,,
ELEC,KING COUNTY DOT TUKWILA 2,Tukwila,WA,98188,Public,,2,,,,,
ELEC,W Hotel,Seattle,WA,98101,Public,,1,,,,,
ELEC,KING COUNTY DOT BELLEVUE # 3,Bellevue,WA,98004,Public,,2,,,,,
ELEC,KING COUNTY DOT SK P&R 1,Kirkland,WA,98033,Public,,2,,,,,
ELEC,Kitsap Transit - Poulsbo Office,Poulsbo,WA,98370,Public,2,2,,,,,
ELEC,Kitsap Transit Restil Road,Port Orchard,WA,98366,Public,,1,,,,,
ELEC,"Walmart 5195 - Everett, WA",Everett,WA,98204,Public,,1,3,,,,
ELEC,Providence Medical Group,Spokane,WA,99201,Public,,2,,,,,
ELEC,Icicle Village Resort - Tesla Destination,Leavenworth,WA,98826,Public,,1,,,,,
ELEC,Icicle Village Resort,Leavenworth,WA,98826,Public,,1,,,,,
ELEC,Holiday Inn Express Ellensburg,Ellensburg,WA,98926,Public,,1,,,,,
ELEC,Confluence Health | Ephrata Clinic,Ephrata,WA,98823,Public,,2,,,,,
ELEC,Highway 2 Brew Espresso,Waterville,WA,98858,Public,,1,,,,,
ELEC,Obertal Inn,Leavenworth,WA,98826,Public,,1,,,,,
ELEC,Wilkommen Park & Ride,Leavenworth,WA,98826,Public,,1,,,,,
ELEC,Hampton Inn & Suites Leavenworth,Leavenworth,WA,98826,Public,,1,,,,,
ELEC,La Quinta Burlington,Burlington,WA,98233,Public,,2,,,,,
ELEC,KING COUNTY DOT ISSAQUAH P&R 6,Issaquah,WA,98029,Public,,2,,,,,
ELEC,KING COUNTY DOT ISSAQUAH P&R 5,Issaquah,WA,98029,Public,,2,,,,,
ELEC,Madison Miller,Seattle,WA,98122,Public,,,2,,,,
ELEC,The Outlet Collection Seattle - Regal Cinema,Auburn,WA,98001,Public,,2,,,,,
ELEC,The Outlet Collection Seattle,Auburn,WA,98001,Public,,4,,,,,
ELEC,Safeway 20830 108th SE,Kent,WA,98031,Public,,2,,,,,
ELEC,Safeway 21401 Pacific Hwy S,Des Moines,WA,98198,Public,,2,,,,,
ELEC,Safeway 4011 S 164th,Seattle,WA,98188,Public,,2,,,,,
ELEC,Hilton Garden Inn Redmond,Redmond,WA,98052,Public,,2,,,,,
ELEC,INSIGNIA 953 150 151N,Seattle,WA,98164,Public,,2,,,,,
ELEC,INSIGNIA 953 144 145N,Seattle,WA,98104,Public,,2,,,,,
ELEC,Lacey,Lacey,WA,98509,Public,,4,2,,,,
ELEC,Tellus on Dexter Apartments,Seattle,WA,98109,Public,,4,,,,,
ELEC,Audi Tri-Cities,Richland,WA,99352,Public,,2,,,,,
ELEC,Albertsons - 17520 SR 9 SE,Snohomish,WA,98296,Public,,2,,,,,
ELEC,KGIP BELL SOUTH STATION 2,Bellevue,WA,98004,Public,,2,,,,,
ELEC,1500 Orchard Street Apartments,Tacoma,WA,98405,Public,,2,,,,,
ELEC,Alaska Junction SCL,Seattle,WA,98116,Public,,,2,,,,
ELEC,Cle Elum,Cle Elum,WA,98922,Public,,,1,,,,
ELEC,WOODIN CREEK WOODIN CREEK 2,Woodinville,WA,98072,Public,,2,,,,,
ELEC,DOL STATION 1,Lacey,WA,98503,Public,,2,,,,,
ELEC,Connell,Connell,WA,99326,Public,,,1,,,,
ELEC,"Target T0995 - Redmond, WA",Redmond,WA,98052,Public,,1,3,,,,
ELEC,ONE88 SPACE 305-306,Bellevue,WA,98004,Public,,2,,,,,
ELEC,4DEGREES STATION 1,Spokane,WA,99216,Public,,2,,,,,
ELEC,Bellis Fair,Bellingham,WA,98226,Public,,10,,,,,
ELEC,Safeway - 20711 Bothell Hwy,Bothell,WA,98012,Public,,2,,,,,
ELEC,"Fred Meyer 667 (Bellingham, WA)",Bellingham,WA,98226,Public,,,4,,,,
ELEC,Stay Pineapple,Bellevue,WA,98004,Public,,2,,,,,
ELEC,Kitsap Transit - Wheaton Way Transit Center,Bremerton,WA,98310,Public,,2,,,,,
ELEC,Starbucks Center,Seattle,WA,98134,Public,,2,,,,,
ELEC,ES - SWM R & T CENTER 02,Tacoma,WA,98409,Public,,2,,,,,
ELEC,ES - S&E URBAN WATERS #2,Tacoma,WA,98421,Public,,2,,,,,
ELEC,CITY OF TACOMA TAC CC 1,Tacoma,WA,98402,Public,,2,,,,,
ELEC,ES - S&E URBAN WATERS #4,Tacoma,WA,98421,Public,,2,,,,,
ELEC,Target - Tesla Supercharger,Lacey,WA,98503,Public,,,12,,,,
ELEC,Safeway - 14826 Highway 99,Lynnwood,WA,98087,Public,,2,,,,,
ELEC,Safeway - 11031 19th Ave SE,Everett,WA,98208,Public,,2,,,,,
ELEC,Safeway - 6911 Coal Creek Parkway SE,Newcastle,WA,98059,Public,,2,,,,,
ELEC,PMF Real Estates Services,Puyallup,WA,98372,Public - Credit card at all times,,2,,,,,
ELEC,CITY OF TACOMA TAC CC 3,Tacoma,WA,98402,Public,,2,,,,,
ELEC,Brookside Park Condos,Kirkland,WA,98033,Public,,2,,,,,
ELEC,Cherry Crest Vista HOA,Bellevue,WA,98005,Public,,2,,,,,
ELEC,SS Central Park,Sunnyside,WA,98944,Public,,4,,,,,
ELEC,Alexanders Lodge & Restaurant - Tesla Destination,Ashford,WA,98304,Public,,2,,,,,
ELEC,Archer Hotel at Redmond Town Center - Tesla Destination,Redmond,WA,98052,Public,,3,,,,,
ELEC,Colettes Bed and Breakfast - Tesla Destination,Port Angeles,WA,98362,Public,,1,,,,,
ELEC,Equinix SE4 - Tesla Destination,Kent,WA,98032,Public,,6,,,,,
ELEC,Gift Tree - Tesla Destination,Vancouver,WA,98660,Public,,4,,,,,
ELEC,La Quinta Inn & Suites Walla Walla - Tesla Destination,Walla Walla,WA,99362,Public,,4,,,,,
ELEC,Montgomery East Commercial Center - Tesla Destination,Spokane Valley,WA,99206,Public,,2,,,,,
ELEC,Paine Field Airport - Tesla Destination,Everett,WA,98204,Public,,2,,,,,
ELEC,Ram Mounts - Tesla Destination,Seattle,WA,98108,Public,,2,,,,,
ELEC,Seattle Seahawks Practice Facility - Tesla Destination,Renton,WA,98056,Public,,8,,,,,
ELEC,The Ridge Motorsports Park - Tesla Destination,Shelton,WA,98584,Public,,3,,,,,
ELEC,ILANI 1A-2 SINGLE,Ridgefield,WA,98642,Public,,1,,,,,
ELEC,DAY 1 REDMOND 6,Redmond,WA,98052,Public,,2,,,,,
ELEC,Sea Tac Office Center,Sea Tac,WA,98188,Public,,4,,,,,
ELEC,SANDBERG VOLVO VIP 1,Lynnwood,WA,98037,Public,,1,,,,,
ELEC,Green River,Auburn,WA,98002,Public,,2,,,,,
ELEC,Lake Crescent Lodge,Port Angeles,WA,98363,Public,,2,,,,,
ELEC,LQ Maryville,Marysville,WA,98271,Public,,2,,,,,
ELEC,Homewood Suites by Hilton Lynnwood Seattle Everett,Lynnwood,WA,98037,Public,,1,,,,,
ELEC,IBEW Local 46,Kent,WA,98032,Public,,3,,,,,
ELEC,AUBURN CENTER GREEN RIVER #1,Auburn,WA,98002,Public,,2,,,,,
ELEC,2+U - Tesla Supercharger,Seattle,WA,98101,Public,,,4,,,,
ELEC,Safeway - 12318 15th Ave NE,Seattle,WA,98125,Public,,2,,,,,
ELEC,SANDBERG VOLVO SHOP 2,Lynnwood,WA,98037,Public,,1,,,,,
ELEC,Leilani on Greenwood,Seattle,WA,98133,Public,,2,,,,,
ELEC,"Pierce County Parks, Cross Park",Tacoma,WA,98446,Public,,2,,,,,
ELEC,"Cafaro SOUTH HILL MALL (PUYALLUP, WA)",PUYALLUP,WA,98373,Public,,,4,,,,
ELEC,"Woodinville WA4-151 (Woodinville, WA)",Woodinville,WA,98072,Public,,,4,,,,
ELEC,Taco Bell Ellensburg,Ellensburg,WA,98926,Public,,,4,,,,
ELEC,RPI PORTEMONS 2005 POPLAR 2,Issaquah,WA,98027,Public,,2,,,,,
ELEC,"Rainier Beach WA3-155 ( Seattle, WA)",Seattle,WA,98118,Public,,,4,,,,
ELEC,Ballard Blocks - Tesla Supercharger,Seattle,WA,98107,Public,,,8,,,,
ELEC,South 405 Place,Renton,WA,98057,Public,,3,,,,,
ELEC,2+U,Seattle,WA,98101,Public,,10,,,,,
ELEC,BJ’s Entiat - Tesla Supercharger,Entiat,WA,98822,Public,,,8,,,,
ELEC,Roche Harbor Marina,Roche Harbor,WA,98250,Public,,2,,,,,
ELEC,Snug Harbor Resort,Friday Harbor,WA,98250,Public,,1,,,,,
ELEC,Friday Harbor Airport,Friday Harbor,WA,98250,Public,,2,,,,,
ELEC,Burgermaster,Mt. Vernon,WA,98273,Public,,1,,,,,
ELEC,Comfort Suites Burlington Near I-5,Burlington,WA,98233,Public,,3,,,,,
ELEC,Skagit Valley College,Mt. Vernon,WA,98273,Public,,4,,,,,
ELEC,Stillaguamish Conference Room,Arlington,WA,98223,Public,,1,,,,,
ELEC,Vision Plus,Bellingham,WA,98225,Public,,1,,,,,
ELEC,Bellingham International Airport,Bellingham,WA,98226,Public - Credit card at all times,,4,,,,,
ELEC,Spokane Community College 2,Spokane,WA,99217,Public,,2,,,,,
ELEC,City of Oak Harbor Police Dept,Oak Harbor,WA,98277,Public,,2,,,,,
ELEC,Dayton,Dayton,WA,99328,Public,,1,1,,,,
ELEC,Pullman DCFC,Pullman,WA,99163,Public,,,1,,,,
ELEC,Liberty Lake Park N Ride DCFC,Liberty Lake,WA,99019,Public,,,1,,,,
ELEC,Pend Oreille PUD,Newport,WA,99156,Public,,2,,,,,
ELEC,BARKLEY VILLAGE CORNERSTONE 1,Bellingham,WA,98226,Public,,2,,,,,
ELEC,Tukwila,Tukwila,WA,98168,Public,,1,4,,,,
ELEC,Port Angeles,Port Angeles,WA,98362,Public,,,1,,,,
ELEC,HUB Garage,Seattle,WA,98188,Public,,1,,,,,
ELEC,IKEA - Seattle (East Parking),Renton,WA,98057,Public,,3,,,,,
ELEC,IKEA - Seattle (South Parking),Renton,WA,98057,Public,,2,,,,,
ELEC,KIRKLAND LIBRARY DUAL 2,Kirkland,WA,98033,Public,,2,,,,,
ELEC,WILLOWS LODGE WILLOWS #1,Woodinville,WA,98072,Public,,2,,,,,
ELEC,BELLEVUE SBCC #1,Bellevue,WA,98006,Public,,2,,,,,
ELEC,SOUND TRANSIT ANGLE LAKE #1,SeaTac,WA,98188,Public,,1,,,,,
ELEC,KEY CENTER KEY CENTER 5,Bellevue,WA,98004,Public,,2,,,,,
ELEC,KEY CENTER KEY CENTER 4,Bellevue,WA,98004,Public,,2,,,,,
ELEC,KEY CENTER STATION 3,Bellevue,WA,98004,Public,,2,,,,,
ELEC,KEY CENTER STATION 2,Bellevue,WA,98004,Public,,2,,,,,
ELEC,KEY CENTER STATION 1,Bellevue,WA,98004,Public,,2,,,,,
ELEC,KRC SKYLINE SKYLINE #2,Bellevue,WA,98004,Public,,2,,,,,
ELEC,KRC SKYLINE SKYLINE #3,Bellevue,WA,98004,Public,,2,,,,,
ELEC,SKAGIT STATION SS2,Mount Vernon,WA,98273,Public,,1,,,,,
ELEC,UWB CASCADIA CC SOUTH DUAL #1,Bothell,WA,98011,Public,,2,,,,,
ELEC,NISSAN-EVERETT DC STATION 2,Everett,WA,98204,Public,,,1,,,,
ELEC,NISSAN-EVERETT QUICK CHARGER 2,Everett,WA,98204,Public,,,1,,,,
ELEC,NISSAN-EVERETT QUICK CHARGER 1,Everett,WA,98204,Public,,,1,,,,
ELEC,SAFECO PLAZA SAFECO PLAZA #2,Seattle,WA,98154,Public,,2,,,,,
ELEC,SCH CHILDREN'S #1,Seattle,WA,98105,Public,,2,,,,,
ELEC,UDR ASHTON BELL #1,Bellevue,WA,98004,Public,,2,,,,,
ELEC,UDR TEN20 #2,Bellevue,WA,98004,Public,,2,,,,,
ELEC,VALLEY MED CTR MAIN LOT #7,Renton,WA,98055,Public,,2,,,,,
ELEC,TPU TPU HQ #7,Tacoma,WA,98409,Public,,2,,,,,
ELEC,THE CENTURY CENTURY #5,Seattle,WA,98109,Public,,2,,,,,
ELEC,RPNW PSP-COBB #1,Seattle,WA,98101,Public,,2,,,,,
ELEC,BMW NORTHWEST DC FAST 01,Fife,WA,98424,Public,,,1,,,,
ELEC,VALLEY MED CTR MAIN LOT #6,Renton,WA,98055,Public,,2,,,,,
ELEC,525 NORTHGATE RETAIL #2,Seattle,WA,98125,Public,,2,,,,,
ELEC,HAMPTON INN NORTH FRONT,Bellevue,WA,98004,Public,,2,,,,,
ELEC,THE SUMMIT THE SUMMIT - P1,Bellevue,WA,98004,Public,,2,,,,,
ELEC,Y.V.M.H. NORTH PARKING-2,Yakima,WA,98902,Public,,2,,,,,
ELEC,Y.V.M.H. SOUTH PARKING-1,Yakima,WA,98902,Public,,2,,,,,
ELEC,Y.V.M.H. NORTH PARKING-1,Yakima,WA,98902,Public,,2,,,,,
ELEC,KING COUNTY DOT BURIEN P&R #9,Burien,WA,98166,Public,,1,,,,,
ELEC,KING COUNTY DOT BURIEN P&R #10,Burien,WA,98166,Public,,1,,,,,
ELEC,VISITOR GARAGE WALL UNIT,Tacoma,WA,98402,Public,,1,,,,,
ELEC,BELLEVUE DOWNTOWN PARK 1,Bellevue,WA,98004,Public,,2,,,,,
ELEC,400 DEXTER AVE 400 DEXTER #2,Seattle,WA,98109,Public,,2,,,,,
ELEC,DEPT OF ECOLOGY HQ 3,Lacey,WA,98516,Public,,2,,,,,
ELEC,DEPT OF ECOLOGY HQ 2,Lacey,WA,98516,Public,,2,,,,,
ELEC,DEPT OF ECOLOGY HQ 4,Lacey,WA,98516,Public,,2,,,,,
ELEC,VM CHARGERS VIRGINIA MASON3,Seattle,WA,98101,Public,,1,,,,,
ELEC,VM CHARGERS VIRGINIA MASON1,Seattle,WA,98101,Public,,1,,,,,
ELEC,LONGACRES GH BLDG C 1,Renton,WA,98057,Public,,2,,,,,
ELEC,LONGACRES GH BLDG D 1,Renton,WA,98057,Public,,2,,,,,
ELEC,ALOFT ALOFT ELEMENT 1,Redmond,WA,98052,Public,,2,,,,,
ELEC,MERCER ISLAND CITY HALL #3,Mercer Island,WA,98040,Public,,2,,,,,
ELEC,MERCER ISLAND CITY HALL #2,Mercer Island,WA,98040,Public,,2,,,,,
ELEC,GARAGE COMMERCIAL ST 1,Bellingham,WA,98225,Public,,2,,,,,
ELEC,MADISON GARAGE MADISON GARAGE1,Seattle,WA,98104,Public,,2,,,,,
ELEC,INSIGNIA 953 97 98,Seattle,WA,98121,Public,,2,,,,,
ELEC,INSIGNIA 953 214 215,Seattle,WA,98121,Public,,2,,,,,
ELEC,INSIGNIA 953 136 137,Seattle,WA,98121,Public,,2,,,,,
ELEC,INSIGNIA 953 176 177,Seattle,WA,98121,Public,,2,,,,,
ELEC,INSIGNIA 953 95 96,Seattle,WA,98121,Public,,2,,,,,
ELEC,INSIGNIA 953 134 135,Seattle,WA,98121,Public,,2,,,,,
ELEC,INSIGNIA 953 180 181,Seattle,WA,98121,Public,,2,,,,,
ELEC,INSIGNIA 953 174 175,Seattle,WA,98121,Public,,2,,,,,
ELEC,INSIGNIA 953 142 143,Seattle,WA,98121,Public,,2,,,,,
ELEC,INSIGNIA 953 178 179,Seattle,WA,98121,Public,,2,,,,,
ELEC,INSIGNIA 953 212 213,Seattle,WA,98121,Public,,2,,,,,
ELEC,INSIGNIA 953 218 219,Seattle,WA,98121,Public,,2,,,,,
ELEC,INSIGNIA 953 140 141,Seattle,WA,98121,Public,,2,,,,,
ELEC,INSIGNIA 953 103 104,Seattle,WA,98121,Public,,2,,,,,
ELEC,INSIGNIA 953 101 102,Seattle,WA,98121,Public,,2,,,,,
ELEC,KING COUNTY DOT ISSAQUAH P&R 1,Issaquah,WA,98027,Public,,2,,,,,
ELEC,RPNW IBM #2,Seattle,WA,98101,Public,,2,,,,,
ELEC,BELLEVUE SQUARE BELL SQ NORTH 2,Bellevue,WA,98004,Public,,2,,,,,
ELEC,BELLEVUE SQUARE BELL SQ NORTH 3,Bellevue,WA,98004,Public,,2,,,,,
ELEC,BELLEVUE SQUARE BELL SQ NORTH 4,Bellevue,WA,98004,Public,,2,,,,,
ELEC,LINC SQUARE EXP LSS P6 1,Bellevue,WA,98004,Public,,2,,,,,
ELEC,LINC SQUARE EXP LSS P2 111-112,Bellevue,WA,98004,Public,,2,,,,,
ELEC,LINC SQUARE EXP LSS P2 104-105,Bellevue,WA,98004,Public,,2,,,,,
ELEC,LINC SQUARE EXP LSE P2 #1,Bellevue,WA,98004,Public,,2,,,,,
ELEC,VALLEY MED CTR N GARAGE #2,Renton,WA,98055,Public,,2,,,,,
ELEC,GARAGE MEYDEN #163,Bellevue,WA,98004,Public,,2,,,,,
ELEC,GARAGE MEYDEN #10,Bellevue,WA,98004,Public,,2,,,,,
ELEC,GARAGE MEYDEN #8,Bellevue,WA,98004,Public,,2,,,,,
ELEC,GARAGE MEYDEN #165,Bellevue,WA,98004,Public,,2,,,,,
ELEC,GARAGE MEYDEN #16,Bellevue,WA,98004,Public,,2,,,,,
ELEC,GARAGE MEYDEN #5,Bellevue,WA,98004,Public,,2,,,,,
ELEC,GARAGE MEYDEN #169,Bellevue,WA,98004,Public,,2,,,,,
ELEC,GARAGE MEYDEN #12,Bellevue,WA,98004,Public,,2,,,,,
ELEC,GARAGE MEYDEN #19,Bellevue,WA,98004,Public,,2,,,,,
ELEC,SOUND TRANSIT ANGLE LAKE #3,SeaTac,WA,98198,Public,,1,,,,,
ELEC,KING COUNTY DOT BURIEN P&R #2,Burien,WA,98166,Public,,1,,,,,
ELEC,KING COUNTY DOT BURIEN P&R #6,Burien,WA,98166,Public,,1,,,,,
ELEC,KING COUNTY DOT BURIEN P&R #7,Burien,WA,98166,Public,,1,,,,,
ELEC,KING COUNTY DOT BURIEN P&R #4,Burien,WA,98166,Public,,1,,,,,
ELEC,KING COUNTY DOT BURIEN P&R #3,Burien,WA,98166,Public,,1,,,,,
ELEC,KING COUNTY DOT BURIEN P&R #1,Burien,WA,98166,Public,,1,,,,,
ELEC,KING COUNTY DOT KSC STATION #6,Seattle,WA,98104,Public,,1,,,,,
ELEC,KING COUNTY DOT KSC STATION #7,Seattle,WA,98104,Public,,1,,,,,
ELEC,KING COUNTY DOT KSC STATION #3,Seattle,WA,98104,Public,,1,,,,,
ELEC,KING COUNTY DOT KSC STATION #2,Seattle,WA,98104,Public,,1,,,,,
ELEC,KING COUNTY DOT KSC STATION #4,Seattle,WA,98104,Public,,1,,,,,
ELEC,BMW SEATTLE DC FAST 01,Seattle,WA,98134,Public,,,1,,,,
ELEC,EASTGATE OFFICE EASTGATE DUAL 2,Bellevue,WA,98007,Public,,2,,,,,
ELEC,DC CORRIDOR WALLYPARKDC2,SeaTac,WA,98188,Public,,,1,,,,
ELEC,PARK77 PARK77 M,Arlington,WA,98223,Public,,2,,,,,
ELEC,PARK77 PARK77 LEASING,Arlington,WA,98223,Public,,2,,,,,
ELEC,PARK77 PARK77 P,Arlington,WA,98223,Public,,2,,,,,
ELEC,SAMMAMISH CITY HALL LOT 1,Sammamish,WA,98075,Public,,2,,,,,
ELEC,SAMMAMISH GARAGE 2,Sammamish,WA,98075,Public,,2,,,,,
ELEC,SAMMAMISH CITY HALL LOT 2,Sammamish,WA,98075,Public,,2,,,,,
ELEC,UWB CASCADIA CC NORTH DUAL 2,Bothell,WA,98011,Public,,2,,,,,
ELEC,EDMONDSNISSAN COMMERCIAL,Edmonds,WA,98026,Public,,,1,,,,
ELEC,RPNW FC #2,Seattle,WA,98101,Public,,2,,,,,
ELEC,STADIUMPLACE NEW STATION 8,Seattle,WA,98104,Public,,1,,,,,
ELEC,STADIUMPLACE NEW STATION 6,Seattle,WA,98104,Public,,1,,,,,
ELEC,STADIUMPLACE NEW STATION 5,Seattle,WA,98104,Public,,1,,,,,
ELEC,STADIUMPLACE NEW STATION 4,Seattle,WA,98104,Public,,1,,,,,
ELEC,STADIUMPLACE NEW STATION 3,Seattle,WA,98104,Public,,1,,,,,
ELEC,STADIUMPLACE NEW STATION 2,Seattle,WA,98104,Public,,1,,,,,
ELEC,UWB CASCADIA CC SOUTH DUAL 4,Bothell,WA,98011,Public,,2,,,,,
ELEC,LINC SQUARE EXP LSS P2 102-103,Bellevue,WA,98004,Public,,2,,,,,
ELEC,LINC SQUARE EXP LSS P2 96 97,Bellevue,WA,98004,Public,,2,,,,,
ELEC,LINC SQUARE EXP LSS P2 98-99,Bellevue,WA,98004,Public,,2,,,,,
ELEC,LINC SQUARE EXP LSS P2 123-124,Bellevue,WA,98004,Public,,2,,,,,
ELEC,DC CORRIDOR SEAHAWK 12D,Seattle,WA,98134,Public,,,1,,,,
ELEC,DC CORRIDOR SEAHAWK 12C,Seattle,WA,98134,Public,,,1,,,,
ELEC,DC CORRIDOR SEAHAWK 12B,Seattle,WA,98134,Public,,,1,,,,
ELEC,PW PARKING PARK PLAZA 02,Tacoma,WA,98402,Public,,2,,,,,
ELEC,QBRC QBRC 2,Ocean Shores,WA,98569,Public,,2,,,,,
ELEC,BLACKRIVER BLACKRIVER #2,Renton,WA,98057,Public,,1,,,,,
ELEC,DC CORRIDOR NORTHGATE DC 2,Seattle,WA,98115,Public,,,1,,,,
ELEC,FACEBOOK SEA FACEBOOK SEA 5,Seattle,WA,98109,Public,,2,,,,,
ELEC,FACEBOOK SEA FACEBOOK SEA #2,Seattle,WA,98109,Public,,2,,,,,
ELEC,FACEBOOK SEA FACEBOOK SEA #3,Seattle,WA,98109,Public,,2,,,,,
ELEC,FACEBOOK SEA FACEBOOK SEA #4,Seattle,WA,98109,Public,,2,,,,,
ELEC,FACEBOOK SEA FACEBOOK SEA #1,Seattle,WA,98109,Public,,2,,,,,
ELEC,1101 WESTLAKE 1101 #1,Seattle,WA,98109,Public,,2,,,,,
ELEC,DC CORRIDOR PAC SCI CENTER,Seattle,WA,98109,Public,,,1,,,,
ELEC,DC CORRIDOR PAC SCI DC2,Seattle,WA,98109,Public,,,1,,,,
ELEC,UWMC SURGERY STATION 1,Seattle,WA,98195,Public,,2,,,,,
ELEC,BMGF EV STATION 01,Seattle,WA,98109,Public,,2,,,,,
ELEC,ISD411 ADMIN CENTER 2,Issaquah,WA,98029,Public,,2,,,,,
ELEC,INSIGNIA 953 190 191N,Seattle,WA,98121,Public,,2,,,,,
ELEC,INSIGNIA 953 230 231 N,Seattle,WA,98121,Public,,2,,,,,
ELEC,UNIVERSITYPLACE UP CH #1,University Place,WA,98466,Public,,2,,,,,
ELEC,CLOVER PARK TEC BUILDING 24 #2,Lakewood,WA,98499,Public,,2,,,,,
ELEC,CLOVER PARK TEC BUILDING 5,Lakewood,WA,98499,Public,,2,,,,,
ELEC,TACOMA PARKS EASTSIDE #1,Tacoma,WA,98404,Public,,1,,,,,
ELEC,JLR BELLEVUE SHOP 01,Bellevue,WA,98005,Public,,1,,,,,
ELEC,VANPOOLS ONLY TPU HQ #4,Tacoma,WA,98409,Public,,2,,,,,
ELEC,TPU TPU HQ #5,Tacoma,WA,98409,Public,,2,,,,,
ELEC,PACIFIC LUTH U STATION 1,Tacoma,WA,98447,Public,,2,,,,,
ELEC,SIA ECO 3,Spokane,WA,99224,Public,,2,,,,,
ELEC,SIA ECO 1,Spokane,WA,99224,Public,,2,,,,,
ELEC,TPU TPU OLD TOWN #1,Tacoma,WA,98403,Public,,2,,,,,
ELEC,T-MOBILE PARK ICHIRO,Seattle,WA,98134,Public,,1,,,,,
ELEC,T-MOBILE PARK FELIX,Seattle,WA,98134,Public,,1,,,,,
ELEC,T-MOBILE PARK EDGAR,Seattle,WA,98134,Public,,1,,,,,
ELEC,SKAGITYMCA TWO,Mount Vernon,WA,98273,Public,,2,,,,,
ELEC,SKAGITYMCA THREE,Mount Vernon,WA,98273,Public,,2,,,,,
ELEC,LINCOLN SQUARE LS NORTH DUAL 3,Bellevue,WA,98004,Public,,2,,,,,
ELEC,LINCOLN SQUARE LS NORTH DUAL 2,Bellevue,WA,98004,Public,,2,,,,,
ELEC,LINCOLN SQUARE LS NORTH DUAL 1,Bellevue,WA,98004,Public,,2,,,,,
ELEC,188 BLAINE ATRIUM2,Seattle,WA,98102,Public,,2,,,,,
ELEC,BELLEVUE PLACE BELL PLACE #1,Bellevue,WA,98004,Public,,2,,,,,
ELEC,DAY 1 SEA 29 P3 003,Seattle,WA,98109,Public,,1,,,,,
ELEC,DAY 1 SEA29 P3 004,Seattle,WA,98109,Public,,1,,,,,
ELEC,DAY 1 SEA29 P3 002,Seattle,WA,98109,Public,,1,,,,,
ELEC,DAY 1 SEA29 P3 001,Seattle,WA,98109,Public,,1,,,,,
ELEC,BELLEVUE SQUARE BELL SQ WEST 5,Bellevue,WA,98004,Public,,2,,,,,
ELEC,BELLEVUE SQUARE BELL SQ WEST #1,Bellevue,WA,98004,Public,,2,,,,,
ELEC,VALLEY MED CTR NE GARAGE #3,Renton,WA,98055,Public,,2,,,,,
ELEC,VALLEY MED CTR NE GARAGE #1,Renton,WA,98055,Public,,2,,,,,
ELEC,HOFM SHOP 01,Marysville,WA,98271,Public,,1,,,,,
ELEC,PERMANENTE KP PUYALLUP #2,Puyallup,WA,98374,Public,,2,,,,,
ELEC,GROUPHEALTH PYP KP PUYALLUP #5,Puyallup,WA,98374,Public,,2,,,,,
ELEC,PERMANENTE KPP #1,Puyallup,WA,98374,Public,,2,,,,,
ELEC,DAY 1 REINVENT6,Seattle,WA,98121,Public,,2,,,,,
ELEC,DAY 1 REINVENT2,Seattle,WA,98121,Public,,2,,,,,
ELEC,DAY 1 REINVENT10,Seattle,WA,98121,Public,,2,,,,,
ELEC,DAY 1 REINVENT4,Seattle,WA,98121,Public,,2,,,,,
ELEC,DAY 1 REINVENT3,Seattle,WA,98121,Public,,2,,,,,
ELEC,DAY 1 REINVENT8,Seattle,WA,98121,Public,,2,,,,,
ELEC,DAY 1 REINVENT9,Seattle,WA,98121,Public,,2,,,,,
ELEC,DAY 1 REINVENT1,Seattle,WA,98121,Public,,2,,,,,
ELEC,DAY 1 REINVENT7,Seattle,WA,98121,Public,,2,,,,,
ELEC,CBRE1 URBAN COM #2,Kirkland,WA,98033,Public,,2,,,,,
ELEC,CBRE1 URBAN COM #3,Kirkland,WA,98033,Public,,2,,,,,
ELEC,CBRE1 URBAN COM #4,Kirkland,WA,98033,Public,,2,,,,,
ELEC,CBRE1 URBAN COM #5,Kirkland,WA,98033,Public,,2,,,,,
ELEC,CENTER PLAZA FEDERAL WAY 2,Federal Way,WA,98003,Public,,1,,,,,
ELEC,CENTER PLAZA FEDERAL WAY 1,Federal Way,WA,98003,Public,,2,,,,,
ELEC,SCH CURE P2 #3,Seattle,WA,98101,Public,,2,,,,,
ELEC,SCH CURE P2 #4,Seattle,WA,98101,Public,,2,,,,,
ELEC,SCH CURE P3 #2,Seattle,WA,98101,Public,,2,,,,,
ELEC,SCH CURE P3 #1,Seattle,WA,98101,Public,,2,,,,,
ELEC,COMMUNITY HOUSE COMMUNITY #1,Tacoma,WA,98405,Public,,1,,,,,
ELEC,COMMUNITY HOUSE COMMUNITY #3,Tacoma,WA,98405,Public,,1,,,,,
ELEC,UDR CHARGER 1,Bellevue,WA,98004,Public,,2,,,,,
ELEC,UDR CHARGER 3,Bellevue,WA,98004,Public,,2,,,,,
ELEC,SEHOME HS SEHOME HIGH #2,Bellingham,WA,98225,Public,,2,,,,,
ELEC,DUAL EV STATION 3,Seattle,WA,98105,Public,,2,,,,,
ELEC,DUAL EV STATION 4,Seattle,WA,98105,Public,,2,,,,,
ELEC,DUAL EV STATION 2,Seattle,WA,98105,Public,,2,,,,,
ELEC,DUAL EV STATION 1,Seattle,WA,98105,Public,,2,,,,,
ELEC,THURSTON COUNTY COURTHOUSE 2,Olympia,WA,98502,Public,,2,,,,,
ELEC,CCB CCB 2,Bellevue,WA,98004,Public,,2,,,,,
ELEC,EVERETT YMCA EVERETT YMCA #2,Everett,WA,98203,Public,,2,,,,,
ELEC,EVERETT YMCA EVERETT YMCA #1,Everett,WA,98203,Public,,2,,,,,
ELEC,EVERETT YMCA EVERETT YMCA #4,Everett,WA,98203,Public,,1,,,,,
ELEC,DAY 1 NITRO4,Seattle,WA,98121,Public,,2,,,,,
ELEC,DAY 1 NITRO3,Seattle,WA,98121,Public,,2,,,,,
ELEC,DAY 1 NITRO6,Seattle,WA,98121,Public,,2,,,,,
ELEC,DAY 1 NITRO7,Seattle,WA,98121,Public,,1,,,,,
ELEC,DAY 1 NITRO2,Seattle,WA,98121,Public,,1,,,,,
ELEC,DAY 1 NITRO5,Seattle,WA,98121,Public,,2,,,,,
ELEC,CAPITAL GATEWAY STATION 4,Olympia,WA,98501,Public,,1,,,,,
ELEC,CAPITAL GATEWAY STATION 3,Olympia,WA,98501,Public,,1,,,,,
ELEC,CAPITAL GATEWAY STATION 1,Olympia,WA,98501,Public,,1,,,,,
ELEC,CAPITAL GATEWAY STATION 2,Olympia,WA,98501,Public,,1,,,,,
ELEC,CAPITAL GATEWAY STATION 8,Olympia,WA,98501,Public,,1,,,,,
ELEC,CPU EC 1,Vancouver,WA,98663,Public,,1,,,,,
ELEC,CPU OPS 1,Vancouver,WA,98662,Public,,1,,,,,
ELEC,PORT OF OLYMPIA WEST,Olympia,WA,98501,Public,,2,,,,,
ELEC,CAPITAL GATEWAY STATION 6,Olympia,WA,98501,Public,,1,,,,,
ELEC,HUDSON NRTHVIEW STATION 5,Lynnwood,WA,98036,Public,,2,,,,,
ELEC,HUDSON NRTHVIEW STATION 2,Lynnwood,WA,98036,Public,,2,,,,,
ELEC,HUDSON NRTHVIEW STATION 4,Lynnwood,WA,98036,Public,,2,,,,,
ELEC,BELLEFIELD MADRONA 2,Bellevue,WA,98004,Public,,2,,,,,
ELEC,STATION PARKING 1,Seattle,WA,98121,Public,,2,,,,,
ELEC,SUQ CLEARWATER CLEARWATER 2,Suquamish,WA,98392,Public,,2,,,,,
ELEC,202 WESTLAKE P2 STATION 01,Seattle,WA,98109,Public,,2,,,,,
ELEC,UPTOWN UPTOWN #1,Gig Harbor,WA,98335,Public,,2,,,,,
ELEC,KING COUNTY DOT GOAT HILL #6,Seattle,WA,98104,Public,,1,,,,,
ELEC,LYRIC APARTMENT THE LYRIC #3,Seattle,WA,98102,Public,,2,,,,,
ELEC,LYRIC APARTMENT LYRIC #1,Seattle,WA,98102,Public,,2,,,,,
ELEC,MADISON MARQUET STATION 2,Seattle,WA,98101,Public,,1,,,,,
ELEC,MADISON MARQUET STATION 7,Seattle,WA,98101,Public,,1,,,,,
ELEC,MADISON MARQUET STATION 5,Seattle,WA,98101,Public,,1,,,,,
ELEC,MADISON MARQUET STATION 4,Seattle,WA,98101,Public,,1,,,,,
ELEC,MADISON MARQUET STATION 1,Seattle,WA,98101,Public,,1,,,,,
ELEC,MADISON MARQUET STATION 3,Seattle,WA,98101,Public,,1,,,,,
ELEC,ISSAQUAH ZHOME #2,Issaquah,WA,98029,Public,1,1,,,,,
ELEC,SUQUAMISH MASI  SUQUAMISH MASI1,Poulsbo,WA,98370,Public,1,1,,,,,
ELEC,MOTORPOOL VISITOR CTR 1,Olympia,WA,98501,Public,,2,,,,,
ELEC,KOZ WEAVER WEAVER RD MIDDL,Snohomish,WA,98290,Public,,2,,,,,
ELEC,CI&S COUNTRY INN #2,SeaTac,WA,98188,Public,,2,,,,,
ELEC,CITY OF ZILLAH P&R SOUTH,Zillah,WA,98953,Public,,2,,,,,
ELEC,"BELLEVUECOLLEGE BC SSC,U BLDG3",Bellevue,WA,98007,Public,,2,,,,,
ELEC,KGIP BELL SOUTH STATION 5,Bellevue,WA,98114,Public,,2,,,,,
ELEC,KGIP BELL SOUTH STATION 4,Bellevue,WA,98114,Public,,2,,,,,
ELEC,KGIP BELL SOUTH STATION 3,Bellevue,WA,98114,Public,,2,,,,,
ELEC,KING COUNTY DOT KC AIRPORT 1,Seattle,WA,98108,Public,,2,,,,,
ELEC,KING COUNTY DOT KC FAUNTLEROY1,Seattle,WA,98136,Public,,2,,,,,
ELEC,KING COUNTY DOT TUKWILA 1,Tukwila,WA,98188,Public,,2,,,,,
ELEC,KING COUNTY DOT BELLEVUE # 2,Bellevue,WA,98004,Public,,2,,,,,
ELEC,KING COUNTY DOT SK P&R 2,Kirkland,WA,98033,Public,,2,,,,,
ELEC,KING COUNTY DOT SK P&R 3,Kirkland,WA,98033,Public,,1,,,,,
ELEC,KING COUNTY DOT ISSAQUAH P&R 7,Issaquah,WA,98029,Public,,2,,,,,
ELEC,KING COUNTY DOT ISSAQUAH P&R 4,Issaquah,WA,98029,Public,,2,,,,,
ELEC,KING COUNTY DOT ISSAQUAH P&R 3,Issaquah,WA,98029,Public,,2,,,,,
ELEC,INSIGNIA 953 146 147N,Seattle,WA,98164,Public,,2,,,,,
ELEC,INSIGNIA 953 228 229N,Seattle,WA,98164,Public,,2,,,,,
ELEC,INSIGNIA 953 192 193N,Seattle,WA,98164,Public,,2,,,,,
ELEC,INSIGNIA 953 152 153N,Seattle,WA,98164,Public,,2,,,,,
ELEC,INSIGNIA 953 226 227N,Seattle,WA,98164,Public,,2,,,,,
ELEC,INSIGNIA 953 186 187N,Seattle,WA,98164,Public,,2,,,,,
ELEC,INSIGNIA 953 232 233N,Seattle,WA,98164,Public,,2,,,,,
ELEC,INSIGNIA 953 154N,Seattle,WA,98164,Public,,1,,,,,
ELEC,INSIGNIA 953 234N,Seattle,WA,98164,Public,,1,,,,,
ELEC,INSIGNIA 953 185N,Seattle,WA,98164,Public,,1,,,,,
ELEC,INSIGNIA 953 194N,Seattle,WA,98164,Public,,1,,,,,
ELEC,INSIGNIA 953 225N,Seattle,WA,98164,Public,,1,,,,,
ELEC,INSIGNIA 953 143N,Seattle,WA,98104,Public,,1,,,,,
ELEC,INSIGNIA 953 188 189N,Seattle,WA,98104,Public,,2,,,,,
ELEC,WOODIN CREEK WOODIN CREEK 1,Woodinville,WA,98072,Public,,2,,,,,
ELEC,ONE88 SPACE 303-304,Bellevue,WA,98004,Public,,2,,,,,
ELEC,ES - SWM R & T CENTER 01,Tacoma,WA,98409,Public,,2,,,,,
ELEC,CITY OF TACOMA TAC CC 2,Tacoma,WA,98402,Public,,2,,,,,
ELEC,ES - S&E URBAN WATERS #5,Tacoma,WA,98421,Public,,2,,,,,
ELEC,ES - S&E URBAN WATERS #3,Tacoma,WA,98421,Public,,2,,,,,
ELEC,CITY OF TACOMA TAC CC 4,Tacoma,WA,98402,Public,,2,,,,,
ELEC,ILANI 3B-1 DUAL,Ridgefield,WA,98642,Public,,2,,,,,
ELEC,ILANI 1B-1 DUAL,Ridgefield,WA,98642,Public,,2,,,,,
ELEC,ILANI 3B-2 DUAL,Ridgefield,WA,98642,Public,,2,,,,,
ELEC,ILANI 3A-2 SINGLE,Ridgefield,WA,98642,Public,,1,,,,,
ELEC,ILANI 3A-3 DUAL,Ridgefield,WA,98642,Public,,2,,,,,
ELEC,ILANI 3C-1 SINGLE,Ridgefield,WA,98642,Public,,1,,,,,
ELEC,ILANI 3C-2 DUAL,Ridgefield,WA,98642,Public,,2,,,,,
ELEC,ILANI 3A-4 DUAL,Ridgefield,WA,98642,Public,,2,,,,,
ELEC,ILANI 3A-1 DUAL,Ridgefield,WA,98642,Public,,2,,,,,
ELEC,ILANI 3B-3 SINGLE,Ridgefield,WA,98642,Public,,1,,,,,
ELEC,DAY 1 REDMOND 3,Redmond,WA,98052,Public,,2,,,,,
ELEC,DAY 1 REDMOND 2,Redmond,WA,98052,Public,,2,,,,,
ELEC,DAY 1 REDMOND 1,Redmond,WA,98052,Public,,2,,,,,
ELEC,DAY 1 REDMOND 7,Redmond,WA,98052,Public,,2,,,,,
ELEC,DAY 1 REDMOND 4,Redmond,WA,98052,Public,,2,,,,,
ELEC,DAY 1 REDMOND 8,Redmond,WA,98052,Public,,2,,,,,
ELEC,DAY 1 REDMOND 5,Redmond,WA,98052,Public,,2,,,,,
ELEC,SANDBERG VOLVO STATION 1,Lynnwood,WA,98037,Public,,2,,,,,
ELEC,SANDBERG VOLVO SHOP 1,Lynnwood,WA,98037,Public,,1,,,,,
ELEC,RPI PORTEMONS 2005 POPLAR 1,Issaquah,WA,98027,Public,,2,,,,,
ELEC,RPI PORTEMONS 2005 POPLAR 3,Issaquah,WA,98027,Public,,1,,,,,
ELEC,KOHLS REDMOND 1,Redmond,WA,98052,Public,,1,,,,,
ELEC,KOHLS REDMOND 2,Redmond,WA,98052,Public,,1,,,,,
ELEC,KOHLS VANCOUVER 1,Vancouver,WA,98684,Public,,1,,,,,
ELEC,KOHLS VANCOUVER 2,Vancouver,WA,98684,Public,,1,,,,,
ELEC,KOHLS 11017MARYSVILL,Marysville,WA,98271,Public,,1,,,,,
ELEC,TARGET CORP LACEY 2,Lacey,WA,98503,Public,,2,,,,,
ELEC,TARGET CORP LACEY 1,Lacey,WA,98503,Public,,2,,,,,
ELEC,FORT DENT STATION EV 2,Tukwila,WA,98188,Public,,2,,,,,
ELEC,FORT DENT STATION EV 1,Tukwila,WA,98188,Public,,2,,,,,
ELEC,Western State Hospital,Lakewood,WA,98498,Public,,4,,,,,
ELEC,188 BLAINE ATRIUM #1,Seattle,WA,98102,Public,,2,,,,,
